-- MySQL dump 10.13  Distrib 8.0.45, for Win64 (x86_64)
--
-- Host: 127.0.0.1    Database: ureo_portal
-- ------------------------------------------------------
-- Server version	8.0.45

/*!40101 SET @OLD_CHARACTER_SET_CLIENT=@@CHARACTER_SET_CLIENT */;
/*!40101 SET @OLD_CHARACTER_SET_RESULTS=@@CHARACTER_SET_RESULTS */;
/*!40101 SET @OLD_COLLATION_CONNECTION=@@COLLATION_CONNECTION */;
/*!50503 SET NAMES utf8mb4 */;
/*!40103 SET @OLD_TIME_ZONE=@@TIME_ZONE */;
/*!40103 SET TIME_ZONE='+00:00' */;
/*!40014 SET @OLD_UNIQUE_CHECKS=@@UNIQUE_CHECKS, UNIQUE_CHECKS=0 */;
/*!40014 SET @OLD_FOREIGN_KEY_CHECKS=@@FOREIGN_KEY_CHECKS, FOREIGN_KEY_CHECKS=0 */;
/*!40101 SET @OLD_SQL_MODE=@@SQL_MODE, SQL_MODE='NO_AUTO_VALUE_ON_ZERO' */;
/*!40111 SET @OLD_SQL_NOTES=@@SQL_NOTES, SQL_NOTES=0 */;

--
-- Table structure for table `ai_classifications`
--

DROP TABLE IF EXISTS `ai_classifications`;
/*!40101 SET @saved_cs_client     = @@character_set_client */;
/*!50503 SET character_set_client = utf8mb4 */;
CREATE TABLE `ai_classifications` (
  `classification_id` int NOT NULL AUTO_INCREMENT,
  `queue_number` varchar(50) NOT NULL,
  `predicted_categories` json NOT NULL,
  `predicted_primary` varchar(100) DEFAULT NULL,
  `confidence_level` enum('high','moderate','low') DEFAULT 'moderate',
  `max_score` decimal(5,4) DEFAULT NULL,
  `all_scores` json DEFAULT NULL,
  `reasoning` text,
  `similar_past_cases` json DEFAULT NULL,
  `learning_stats` json DEFAULT NULL,
  `staff_verified` tinyint(1) DEFAULT '0',
  `staff_verified_by` int DEFAULT NULL,
  `staff_corrected_categories` json DEFAULT NULL,
  `staff_feedback` text,
  `verified_at` datetime DEFAULT NULL,
  `section_c_text` text,
  `processed_at` datetime DEFAULT CURRENT_TIMESTAMP,
  PRIMARY KEY (`classification_id`),
  KEY `staff_verified_by` (`staff_verified_by`),
  KEY `idx_queue` (`queue_number`),
  KEY `idx_verified` (`staff_verified`),
  CONSTRAINT `ai_classifications_ibfk_1` FOREIGN KEY (`queue_number`) REFERENCES `applications` (`queue_number`) ON DELETE CASCADE,
  CONSTRAINT `ai_classifications_ibfk_2` FOREIGN KEY (`staff_verified_by`) REFERENCES `users` (`user_id`) ON DELETE SET NULL
) ENGINE=InnoDB DEFAULT CHARSET=utf8mb4 COLLATE=utf8mb4_0900_ai_ci;
/*!40101 SET character_set_client = @saved_cs_client */;

--
-- Dumping data for table `ai_classifications`
--

/*!40000 ALTER TABLE `ai_classifications` DISABLE KEYS */;
/*!40000 ALTER TABLE `ai_classifications` ENABLE KEYS */;

--
-- Table structure for table `applications`
--

DROP TABLE IF EXISTS `applications`;
/*!40101 SET @saved_cs_client     = @@character_set_client */;
/*!50503 SET character_set_client = utf8mb4 */;
CREATE TABLE `applications` (
  `queue_number` varchar(20) NOT NULL,
  `applicant_email` varchar(100) NOT NULL,
  `applicant_name` varchar(100) DEFAULT NULL,
  `applicant_type` enum('student','researcher','faculty') NOT NULL,
  `research_title` varchar(255) DEFAULT NULL,
  `submission_timestamp` timestamp NULL DEFAULT CURRENT_TIMESTAMP,
  `current_status` varchar(50) NOT NULL DEFAULT 'INTENT_RECEIVED',
  `category` enum('exempt','expedited','full') DEFAULT NULL,
  `urec_committee_id` int DEFAULT NULL,
  `urec_reviewed_by` int DEFAULT NULL,
  `urec_review_notes` text,
  `urec_decision` enum('pending','approved','revisions_required','rejected') DEFAULT 'pending',
  `urec_decision_date` timestamp NULL DEFAULT NULL,
  `forwarded_to_urec_at` timestamp NULL DEFAULT NULL,
  `forwarded_by_staff` int DEFAULT NULL,
  `assigned_staff_id` int DEFAULT NULL,
  `urec_assigned_at` timestamp NULL DEFAULT NULL,
  `has_additional_requirements` tinyint(1) DEFAULT '0',
  `completion_attempts` int DEFAULT '0',
  `last_updated` timestamp NULL DEFAULT CURRENT_TIMESTAMP ON UPDATE CURRENT_TIMESTAMP,
  PRIMARY KEY (`queue_number`),
  KEY `idx_status` (`current_status`),
  KEY `idx_email` (`applicant_email`),
  KEY `idx_assigned_staff` (`assigned_staff_id`),
  KEY `urec_reviewed_by` (`urec_reviewed_by`),
  KEY `forwarded_by_staff` (`forwarded_by_staff`),
  KEY `idx_urec_committee` (`urec_committee_id`),
  KEY `idx_urec_decision` (`urec_decision`),
  KEY `idx_forwarded_to_urec` (`forwarded_to_urec_at`),
  CONSTRAINT `applications_ibfk_1` FOREIGN KEY (`assigned_staff_id`) REFERENCES `users` (`user_id`) ON DELETE SET NULL,
  CONSTRAINT `applications_ibfk_2` FOREIGN KEY (`urec_committee_id`) REFERENCES `urec_committees` (`committee_id`) ON DELETE SET NULL,
  CONSTRAINT `applications_ibfk_3` FOREIGN KEY (`urec_reviewed_by`) REFERENCES `users` (`user_id`) ON DELETE SET NULL,
  CONSTRAINT `applications_ibfk_4` FOREIGN KEY (`forwarded_by_staff`) REFERENCES `users` (`user_id`) ON DELETE SET NULL
) ENGINE=InnoDB DEFAULT CHARSET=utf8mb4 COLLATE=utf8mb4_0900_ai_ci;
/*!40101 SET character_set_client = @saved_cs_client */;

--
-- Dumping data for table `applications`
--

/*!40000 ALTER TABLE `applications` DISABLE KEYS */;
INSERT INTO `applications` VALUES ('UREO-0001','test@gmail.com','Allen John C. Agcang','student','AGRICULTURAL INFORMATION ACCESS AND COMMUNICATION CHALLENGES OF BRGY. GOSSOOD FARMERS: BASIS FOR DEVELOPING EFFECTIVE IEC MATERIAL','2026-02-16 01:14:41','UNDER_ETHICAL_REVIEW','expedited',1,5,NULL,'pending',NULL,'2026-04-21 14:20:19',2,2,'2026-04-21 14:26:23',0,0,'2026-04-21 14:26:23'),('UREO-0002','test1@gmail.com','PRINCESS T. CABENTA','student','DETECTION OF HEARTWORM (Dirofilaria immitis) IN DOGS USING RAPID IMMUNOCHROMATOGRAPHIC ASSAY (CHW Ag) AT BARANGAY SAPANG MARAGUL, TARLAC CITY','2026-02-16 03:21:56','UREC_REVIEW_REQUIRED','exempt',NULL,NULL,NULL,'pending',NULL,NULL,NULL,2,NULL,0,0,'2026-03-26 00:18:25'),('UREO-0003','test2@gmail.com','Desiree Joi D. Duque','student','Adaptive Capacity Of Different Varieties and Establishment Methods As Means Of Tecnological Adaptation To Rainfed Rice Production In Camiling, Tarlac','2026-02-20 06:33:42','UNDER_ETHICAL_REVIEW','exempt',3,8,'Multiple evaluators assigned: [\"8\",\"9\"]','pending',NULL,NULL,NULL,2,'2026-06-11 08:35:03',0,0,'2026-06-11 08:35:03'),('UREO-0004','rsoriano@gmail.com','Robertlyn Geil Soriano','student','Test','2026-05-19 03:55:16','REQUIREMENTS_PENDING',NULL,NULL,NULL,NULL,'pending',NULL,NULL,NULL,2,NULL,0,0,'2026-05-19 03:58:45');
/*!40000 ALTER TABLE `applications` ENABLE KEYS */;

--
-- Table structure for table `category_forms`
--

DROP TABLE IF EXISTS `category_forms`;
/*!40101 SET @saved_cs_client     = @@character_set_client */;
/*!50503 SET character_set_client = utf8mb4 */;
CREATE TABLE `category_forms` (
  `id` int NOT NULL AUTO_INCREMENT,
  `queue_number` varchar(20) NOT NULL,
  `category` varchar(50) NOT NULL,
  `review_type` enum('exempt','expedited','full') NOT NULL,
  `form_data` json DEFAULT NULL,
  `created_at` timestamp NULL DEFAULT CURRENT_TIMESTAMP,
  PRIMARY KEY (`id`),
  KEY `idx_queue` (`queue_number`),
  CONSTRAINT `category_forms_ibfk_1` FOREIGN KEY (`queue_number`) REFERENCES `applications` (`queue_number`) ON DELETE CASCADE
) ENGINE=InnoDB AUTO_INCREMENT=9 DEFAULT CHARSET=utf8mb4 COLLATE=utf8mb4_0900_ai_ci;
/*!40101 SET character_set_client = @saved_cs_client */;

--
-- Dumping data for table `category_forms`
--

/*!40000 ALTER TABLE `category_forms` DISABLE KEYS */;
INSERT INTO `category_forms` VALUES (1,'UREO-0001','human','expedited','{\"category\": \"human\", \"created_at\": \"2026-03-24 16:39:11\", \"review_type\": \"expedited\"}','2026-03-24 08:39:11'),(2,'UREO-0001','human','expedited','{\"category\": \"human\", \"created_at\": \"2026-03-24 16:39:49\", \"review_type\": \"expedited\"}','2026-03-24 08:39:49'),(3,'UREO-0001','human','expedited','{\"category\": \"human\", \"created_at\": \"2026-03-26 08:36:00\", \"review_type\": \"expedited\"}','2026-03-26 00:36:00'),(4,'UREO-0001','human','expedited','{\"category\": \"human\", \"created_at\": \"2026-03-26 08:36:46\", \"review_type\": \"expedited\"}','2026-03-26 00:36:46'),(5,'UREO-0001','human','expedited','{\"category\": \"human\", \"created_at\": \"2026-03-26 09:02:39\", \"review_type\": \"expedited\"}','2026-03-26 01:02:39'),(6,'UREO-0001','human','expedited','{\"category\": \"human\", \"created_at\": \"2026-03-26 13:28:23\", \"review_type\": \"expedited\"}','2026-03-26 05:28:23'),(7,'UREO-0001','human','expedited','{\"category\": \"human\", \"created_at\": \"2026-03-26 13:33:39\", \"review_type\": \"expedited\"}','2026-03-26 05:33:39'),(8,'UREO-0001','human','expedited','{\"category\": \"human\", \"created_at\": \"2026-04-07 15:52:44\", \"review_type\": \"expedited\"}','2026-04-07 07:52:44');
/*!40000 ALTER TABLE `category_forms` ENABLE KEYS */;

--
-- Table structure for table `document_annotations`
--

DROP TABLE IF EXISTS `document_annotations`;
/*!40101 SET @saved_cs_client     = @@character_set_client */;
/*!50503 SET character_set_client = utf8mb4 */;
CREATE TABLE `document_annotations` (
  `annotation_id` int NOT NULL AUTO_INCREMENT,
  `queue_number` varchar(20) NOT NULL,
  `document_type` varchar(100) NOT NULL,
  `annotation_type` enum('remark','comment','highlight') DEFAULT 'remark',
  `page_number` int DEFAULT '1',
  `x_position` decimal(8,3) DEFAULT NULL,
  `y_position` decimal(8,3) DEFAULT NULL,
  `width` decimal(8,3) DEFAULT NULL,
  `height` decimal(8,3) DEFAULT NULL,
  `content` text NOT NULL,
  `created_by` int DEFAULT NULL,
  `created_by_type` enum('staff','admin') DEFAULT 'staff',
  `committee_id` int DEFAULT NULL,
  `created_at` timestamp NULL DEFAULT CURRENT_TIMESTAMP,
  PRIMARY KEY (`annotation_id`),
  KEY `created_by` (`created_by`),
  KEY `idx_queue_document` (`queue_number`,`document_type`),
  KEY `idx_page` (`page_number`),
  KEY `idx_committee` (`committee_id`),
  CONSTRAINT `document_annotations_ibfk_1` FOREIGN KEY (`queue_number`) REFERENCES `applications` (`queue_number`) ON DELETE CASCADE,
  CONSTRAINT `document_annotations_ibfk_2` FOREIGN KEY (`created_by`) REFERENCES `users` (`user_id`) ON DELETE SET NULL,
  CONSTRAINT `document_annotations_ibfk_3` FOREIGN KEY (`committee_id`) REFERENCES `urec_committees` (`committee_id`) ON DELETE SET NULL
) ENGINE=InnoDB AUTO_INCREMENT=11 DEFAULT CHARSET=utf8mb4 COLLATE=utf8mb4_0900_ai_ci;
/*!40101 SET character_set_client = @saved_cs_client */;

--
-- Dumping data for table `document_annotations`
--

/*!40000 ALTER TABLE `document_annotations` DISABLE KEYS */;
INSERT INTO `document_annotations` VALUES (5,'UREO-0001','proposal','remark',2,17.865,20.236,NULL,NULL,'test',5,'staff',1,'2026-04-22 02:38:31'),(7,'UREO-0001','proposal','remark',8,17.756,27.166,NULL,NULL,'revise',5,'staff',1,'2026-04-28 02:42:17'),(8,'UREO-0001','proposal','remark',13,25.367,28.597,NULL,NULL,'Reconsider',5,'staff',1,'2026-04-28 02:45:15'),(10,'UREO-0003','proposal','remark',2,26.869,69.016,NULL,NULL,'test',8,'staff',3,'2026-05-26 04:33:07');
/*!40000 ALTER TABLE `document_annotations` ENABLE KEYS */;

--
-- Table structure for table `documents`
--

DROP TABLE IF EXISTS `documents`;
/*!40101 SET @saved_cs_client     = @@character_set_client */;
/*!50503 SET character_set_client = utf8mb4 */;
CREATE TABLE `documents` (
  `document_id` int NOT NULL AUTO_INCREMENT,
  `queue_number` varchar(20) NOT NULL,
  `document_type` varchar(100) NOT NULL,
  `document_name` varchar(255) NOT NULL,
  `file_path` varchar(500) NOT NULL,
  `file_size` int DEFAULT NULL,
  `upload_timestamp` timestamp NULL DEFAULT CURRENT_TIMESTAMP,
  `validation_status` enum('pending','validated','rejected') DEFAULT 'pending',
  `validation_notes` text,
  PRIMARY KEY (`document_id`),
  KEY `idx_queue` (`queue_number`),
  KEY `idx_type` (`document_type`),
  CONSTRAINT `documents_ibfk_1` FOREIGN KEY (`queue_number`) REFERENCES `applications` (`queue_number`) ON DELETE CASCADE
) ENGINE=InnoDB AUTO_INCREMENT=27 DEFAULT CHARSET=utf8mb4 COLLATE=utf8mb4_0900_ai_ci;
/*!40101 SET character_set_client = @saved_cs_client */;

--
-- Dumping data for table `documents`
--

/*!40000 ALTER TABLE `documents` DISABLE KEYS */;
INSERT INTO `documents` VALUES (13,'UREO-0001','proposal','Research proposal/Thesis/Dissertation Outline','uploads/UREO-0001/proposal_1771206223_6992764f8bd95.pdf',2429784,'2026-02-16 01:43:43','validated',''),(14,'UREO-0001','qf02','TAU-REO-QF-02','uploads/UREO-0001/qf02_1771206223_6992764f8d5e3.pdf',641850,'2026-02-16 01:43:43','validated',''),(15,'UREO-0001','cv','CV of proponents','uploads/UREO-0001/cv_1771206223_6992764f8eb79.pdf',277896,'2026-02-16 01:43:43','validated',''),(16,'UREO-0001','consent_form','Informed Consent Form','uploads/UREO-0001/consent_form_1771206223_6992764f8fc19.pdf',629941,'2026-02-16 01:43:43','validated',''),(17,'UREO-0001','qf01','TAU-REO-QF-01_Filled_UREO-0001.pdf','uploads/UREO-0001/qf01_1771206343.pdf',690290,'2026-02-16 01:45:43','validated',''),(18,'UREO-0002','proposal','Research proposal/Thesis/Dissertation Outline','uploads/UREO-0002/proposal_1771214049_699294e1e9133.pdf',657557,'2026-02-16 03:54:09','validated',''),(19,'UREO-0002','qf02','TAU-REO-QF-02','uploads/UREO-0002/qf02_1771214049_699294e1eba75.pdf',643919,'2026-02-16 03:54:09','validated',''),(20,'UREO-0002','cv','CV of proponents','uploads/UREO-0002/cv_1771214049_699294e1ece1f.pdf',387782,'2026-02-16 03:54:09','validated',''),(21,'UREO-0002','qf01','TAU-REO-QF-01_Filled_UREO-0002.pdf','uploads/UREO-0002/qf01_1771214106.pdf',684945,'2026-02-16 03:55:06','validated',''),(22,'UREO-0003','proposal','Research proposal/Thesis/Dissertation Outline','uploads/UREO-0003/proposal_1776320390_69e07f86506d5.pdf',305877,'2026-04-16 06:19:50','pending',NULL),(23,'UREO-0003','proposal','Research proposal/Thesis/Dissertation Outline','uploads/UREO-0003/proposal_1779761244_6a15005ca20e5.pdf',1646990,'2026-05-26 02:07:24','pending',NULL),(24,'UREO-0003','qf02','TAU-REO-QF-02','uploads/UREO-0003/qf02_1779761244_6a15005ca3e24.pdf',5267,'2026-05-26 02:07:24','pending',NULL),(25,'UREO-0003','cv','Tagaytay_Day_Trip_itinerary.pdf','uploads/UREO-0003/cv_1779761244_6a15005ca515d.pdf',5267,'2026-05-26 02:07:24','pending',NULL),(26,'UREO-0003','cv','trip-summary-2026-05-20.pdf','uploads/UREO-0003/cv_1779761244_6a15005ca65d0.pdf',5856,'2026-05-26 02:07:24','pending',NULL);
/*!40000 ALTER TABLE `documents` ENABLE KEYS */;

--
-- Table structure for table `email_logs`
--

DROP TABLE IF EXISTS `email_logs`;
/*!40101 SET @saved_cs_client     = @@character_set_client */;
/*!50503 SET character_set_client = utf8mb4 */;
CREATE TABLE `email_logs` (
  `email_id` int NOT NULL AUTO_INCREMENT,
  `queue_number` varchar(20) DEFAULT NULL,
  `recipient_email` varchar(100) NOT NULL,
  `email_type` varchar(50) NOT NULL,
  `subject` varchar(255) NOT NULL,
  `body_html` text,
  `sent_at` timestamp NULL DEFAULT CURRENT_TIMESTAMP,
  `status` enum('sent','failed','pending') DEFAULT 'pending',
  `error_message` text,
  PRIMARY KEY (`email_id`),
  KEY `idx_queue` (`queue_number`),
  KEY `idx_status` (`status`),
  CONSTRAINT `email_logs_ibfk_1` FOREIGN KEY (`queue_number`) REFERENCES `applications` (`queue_number`) ON DELETE SET NULL
) ENGINE=InnoDB AUTO_INCREMENT=86 DEFAULT CHARSET=utf8mb4 COLLATE=utf8mb4_0900_ai_ci;
/*!40101 SET character_set_client = @saved_cs_client */;

--
-- Dumping data for table `email_logs`
--

/*!40000 ALTER TABLE `email_logs` DISABLE KEYS */;
INSERT INTO `email_logs` VALUES (22,'UREO-0001','test@gmail.com','general','TAU-UREO Portal - Login OTP','\r\n        <html>\r\n        <body style=\'font-family: Arial, sans-serif;\'>\r\n            <h2>Login Verification</h2>\r\n            <p>Your One-Time Password (OTP) for accessing the TAU-UREO Portal:</p>\r\n            <div style=\'background: #f8f9fa; padding: 20px; text-align: center; border-radius: 8px; margin: 20px 0;\'>\r\n                <h1 style=\'color: #0d6efd; letter-spacing: 5px; margin: 0;\'>173522</h1>\r\n            </div>\r\n            <p>This OTP will expire in 10 minutes.</p>\r\n            <p>If you did not request this OTP, please ignore this email.</p>\r\n            <hr>\r\n            <p style=\'color: #6c757d; font-size: 12px;\'>\r\n                This is an automated email from TAU-UREO Portal. Please do not reply to this email.\r\n            </p>\r\n        </body>\r\n        </html>\r\n        ','2026-02-16 01:14:57','sent',NULL),(23,'UREO-0001','test@gmail.com','general','TAU-UREO - Documents Validated for UREO-0001','\r\n            <html>\r\n            <body style=\'font-family: Arial, sans-serif;\'>\r\n                <h2>Documents Successfully Validated</h2>\r\n                <p>Your documents for application UREO-0001 have been automatically validated.</p>\r\n                <p>Your application has been registered and forwarded for ethical review.</p>\r\n                <p><strong>Current Status:</strong> Registered</p>\r\n                <p><a href=\'http://localhost/ureo-portal/applicant/login.php\'>View Application Status</a></p>\r\n            </body>\r\n            </html>\r\n            ','2026-02-16 01:45:48','sent',NULL),(24,'UREO-0001','test@gmail.com','general','TAU-UREO Portal - Login OTP','\r\n        <html>\r\n        <body style=\'font-family: Arial, sans-serif;\'>\r\n            <h2>Login Verification</h2>\r\n            <p>Your One-Time Password (OTP) for accessing the TAU-UREO Portal:</p>\r\n            <div style=\'background: #f8f9fa; padding: 20px; text-align: center; border-radius: 8px; margin: 20px 0;\'>\r\n                <h1 style=\'color: #0d6efd; letter-spacing: 5px; margin: 0;\'>699062</h1>\r\n            </div>\r\n            <p>This OTP will expire in 10 minutes.</p>\r\n            <p>If you did not request this OTP, please ignore this email.</p>\r\n            <hr>\r\n            <p style=\'color: #6c757d; font-size: 12px;\'>\r\n                This is an automated email from TAU-UREO Portal. Please do not reply to this email.\r\n            </p>\r\n        </body>\r\n        </html>\r\n        ','2026-02-16 01:47:13','sent',NULL),(25,'UREO-0001','test@gmail.com','general','TAU-UREO Portal - Login OTP','\r\n        <html>\r\n        <body style=\'font-family: Arial, sans-serif;\'>\r\n            <h2>Login Verification</h2>\r\n            <p>Your One-Time Password (OTP) for accessing the TAU-UREO Portal:</p>\r\n            <div style=\'background: #f8f9fa; padding: 20px; text-align: center; border-radius: 8px; margin: 20px 0;\'>\r\n                <h1 style=\'color: #0d6efd; letter-spacing: 5px; margin: 0;\'>349106</h1>\r\n            </div>\r\n            <p>This OTP will expire in 10 minutes.</p>\r\n            <p>If you did not request this OTP, please ignore this email.</p>\r\n            <hr>\r\n            <p style=\'color: #6c757d; font-size: 12px;\'>\r\n                This is an automated email from TAU-UREO Portal. Please do not reply to this email.\r\n            </p>\r\n        </body>\r\n        </html>\r\n        ','2026-02-16 01:47:54','sent',NULL),(26,'UREO-0002','test1@gmail.com','general','TAU-UREO Portal - Login OTP','\r\n        <html>\r\n        <body style=\'font-family: Arial, sans-serif;\'>\r\n            <h2>Login Verification</h2>\r\n            <p>Your One-Time Password (OTP) for accessing the TAU-UREO Portal:</p>\r\n            <div style=\'background: #f8f9fa; padding: 20px; text-align: center; border-radius: 8px; margin: 20px 0;\'>\r\n                <h1 style=\'color: #0d6efd; letter-spacing: 5px; margin: 0;\'>219443</h1>\r\n            </div>\r\n            <p>This OTP will expire in 10 minutes.</p>\r\n            <p>If you did not request this OTP, please ignore this email.</p>\r\n            <hr>\r\n            <p style=\'color: #6c757d; font-size: 12px;\'>\r\n                This is an automated email from TAU-UREO Portal. Please do not reply to this email.\r\n            </p>\r\n        </body>\r\n        </html>\r\n        ','2026-02-16 03:22:09','sent',NULL),(27,'UREO-0002','test1@gmail.com','general','TAU-UREO - Documents Validated for UREO-0002','\r\n            <html>\r\n            <body style=\'font-family: Arial, sans-serif;\'>\r\n                <h2>Documents Successfully Validated</h2>\r\n                <p>Your documents for application UREO-0002 have been automatically validated.</p>\r\n                <p>Your application has been registered and forwarded for ethical review.</p>\r\n                <p><strong>Current Status:</strong> Registered</p>\r\n                <p><a href=\'http://localhost/ureo-portal/applicant/login.php\'>View Application Status</a></p>\r\n            </body>\r\n            </html>\r\n            ','2026-02-16 03:55:11','sent',NULL),(28,'UREO-0001','test@gmail.com','general','TAU-UREO Portal - Login OTP','\r\n        <html>\r\n        <body style=\'font-family: Arial, sans-serif;\'>\r\n            <h2>Login Verification</h2>\r\n            <p>Your One-Time Password (OTP) for accessing the TAU-UREO Portal:</p>\r\n            <div style=\'background: #f8f9fa; padding: 20px; text-align: center; border-radius: 8px; margin: 20px 0;\'>\r\n                <h1 style=\'color: #0d6efd; letter-spacing: 5px; margin: 0;\'>009743</h1>\r\n            </div>\r\n            <p>This OTP will expire in 10 minutes.</p>\r\n            <p>If you did not request this OTP, please ignore this email.</p>\r\n            <hr>\r\n            <p style=\'color: #6c757d; font-size: 12px;\'>\r\n                This is an automated email from TAU-UREO Portal. Please do not reply to this email.\r\n            </p>\r\n        </body>\r\n        </html>\r\n        ','2026-02-17 12:30:27','sent',NULL),(29,'UREO-0001','test@gmail.com','general','TAU-UREO Portal - Login OTP','\r\n        <html>\r\n        <body style=\'font-family: Arial, sans-serif;\'>\r\n            <h2>Login Verification</h2>\r\n            <p>Your One-Time Password (OTP) for accessing the TAU-UREO Portal:</p>\r\n            <div style=\'background: #f8f9fa; padding: 20px; text-align: center; border-radius: 8px; margin: 20px 0;\'>\r\n                <h1 style=\'color: #0d6efd; letter-spacing: 5px; margin: 0;\'>468897</h1>\r\n            </div>\r\n            <p>This OTP will expire in 10 minutes.</p>\r\n            <p>If you did not request this OTP, please ignore this email.</p>\r\n            <hr>\r\n            <p style=\'color: #6c757d; font-size: 12px;\'>\r\n                This is an automated email from TAU-UREO Portal. Please do not reply to this email.\r\n            </p>\r\n        </body>\r\n        </html>\r\n        ','2026-02-18 01:02:12','sent',NULL),(30,'UREO-0003','test2@gmail.com','general','TAU-UREO Portal - Login OTP','\r\n        <html>\r\n        <body style=\'font-family: Arial, sans-serif;\'>\r\n            <h2>Login Verification</h2>\r\n            <p>Your One-Time Password (OTP) for accessing the TAU-UREO Portal:</p>\r\n            <div style=\'background: #f8f9fa; padding: 20px; text-align: center; border-radius: 8px; margin: 20px 0;\'>\r\n                <h1 style=\'color: #0d6efd; letter-spacing: 5px; margin: 0;\'>277696</h1>\r\n            </div>\r\n            <p>This OTP will expire in 10 minutes.</p>\r\n            <p>If you did not request this OTP, please ignore this email.</p>\r\n            <hr>\r\n            <p style=\'color: #6c757d; font-size: 12px;\'>\r\n                This is an automated email from TAU-UREO Portal. Please do not reply to this email.\r\n            </p>\r\n        </body>\r\n        </html>\r\n        ','2026-02-20 06:34:14','sent',NULL),(31,'UREO-0003','test2@gmail.com','general','TAU-UREO Portal - Login OTP','\r\n        <html>\r\n        <body style=\'font-family: Arial, sans-serif;\'>\r\n            <h2>Login Verification</h2>\r\n            <p>Your One-Time Password (OTP) for accessing the TAU-UREO Portal:</p>\r\n            <div style=\'background: #f8f9fa; padding: 20px; text-align: center; border-radius: 8px; margin: 20px 0;\'>\r\n                <h1 style=\'color: #0d6efd; letter-spacing: 5px; margin: 0;\'>210509</h1>\r\n            </div>\r\n            <p>This OTP will expire in 10 minutes.</p>\r\n            <p>If you did not request this OTP, please ignore this email.</p>\r\n            <hr>\r\n            <p style=\'color: #6c757d; font-size: 12px;\'>\r\n                This is an automated email from TAU-UREO Portal. Please do not reply to this email.\r\n            </p>\r\n        </body>\r\n        </html>\r\n        ','2026-02-20 06:37:51','failed','Email could not be sent. Error: SMTP Error: Could not connect to SMTP host. Failed to connect to server SMTP server error: Failed to connect to server Additional SMTP info: php_network_getaddresses: getaddrinfo for smtp.gmail.com failed: No such host is known. '),(32,'UREO-0003','test2@gmail.com','general','TAU-UREO Portal - Login OTP','\r\n        <html>\r\n        <body style=\'font-family: Arial, sans-serif;\'>\r\n            <h2>Login Verification</h2>\r\n            <p>Your One-Time Password (OTP) for accessing the TAU-UREO Portal:</p>\r\n            <div style=\'background: #f8f9fa; padding: 20px; text-align: center; border-radius: 8px; margin: 20px 0;\'>\r\n                <h1 style=\'color: #0d6efd; letter-spacing: 5px; margin: 0;\'>239425</h1>\r\n            </div>\r\n            <p>This OTP will expire in 10 minutes.</p>\r\n            <p>If you did not request this OTP, please ignore this email.</p>\r\n            <hr>\r\n            <p style=\'color: #6c757d; font-size: 12px;\'>\r\n                This is an automated email from TAU-UREO Portal. Please do not reply to this email.\r\n            </p>\r\n        </body>\r\n        </html>\r\n        ','2026-02-20 08:16:26','sent',NULL),(33,'UREO-0001','test@gmail.com','general','TAU-UREO Portal - Login OTP','\r\n        <html>\r\n        <body style=\'font-family: Arial, sans-serif;\'>\r\n            <h2>Login Verification</h2>\r\n            <p>Your One-Time Password (OTP) for accessing the TAU-UREO Portal:</p>\r\n            <div style=\'background: #f8f9fa; padding: 20px; text-align: center; border-radius: 8px; margin: 20px 0;\'>\r\n                <h1 style=\'color: #0d6efd; letter-spacing: 5px; margin: 0;\'>900445</h1>\r\n            </div>\r\n            <p>This OTP will expire in 10 minutes.</p>\r\n            <p>If you did not request this OTP, please ignore this email.</p>\r\n            <hr>\r\n            <p style=\'color: #6c757d; font-size: 12px;\'>\r\n                This is an automated email from TAU-UREO Portal. Please do not reply to this email.\r\n            </p>\r\n        </body>\r\n        </html>\r\n        ','2026-03-03 02:37:46','sent',NULL),(34,NULL,'djdtabuan@gmail.com','general','Test Email - Body Content Check','<html><body style=\"font-family: Arial;\">\r\n<h2 style=\"color: #006400;\">Test Email</h2>\r\n<p>This is a test email to verify that body_html is being stored correctly.</p>\r\n<ul>\r\n    <li>Item 1</li>\r\n    <li>Item 2</li>\r\n    <li>Item 3</li>\r\n</ul>\r\n<p><strong>Timestamp:</strong> 2026-03-17 07:49:50</p>\r\n</body></html>','2026-03-16 23:49:54','sent',NULL),(35,NULL,'djdtabuan@gmail.com','general','Test Email - Body Content Check','<html><body style=\"font-family: Arial;\">\r\n<h2 style=\"color: #006400;\">Test Email</h2>\r\n<p>This is a test email to verify that body_html is being stored correctly.</p>\r\n<ul>\r\n    <li>Item 1</li>\r\n    <li>Item 2</li>\r\n    <li>Item 3</li>\r\n</ul>\r\n<p><strong>Timestamp:</strong> 2026-03-17 07:56:32</p>\r\n</body></html>','2026-03-16 23:56:35','sent',NULL),(36,'UREO-0001','test@gmail.com','general','TAU-UREO Portal - Login OTP','\r\n        <html>\r\n        <body style=\'font-family: Arial, sans-serif;\'>\r\n            <h2>Login Verification</h2>\r\n            <p>Your One-Time Password (OTP) for accessing the TAU-UREO Portal:</p>\r\n            <div style=\'background: #f8f9fa; padding: 20px; text-align: center; border-radius: 8px; margin: 20px 0;\'>\r\n                <h1 style=\'color: #0d6efd; letter-spacing: 5px; margin: 0;\'>617338</h1>\r\n            </div>\r\n            <p>This OTP will expire in 10 minutes.</p>\r\n            <p>If you did not request this OTP, please ignore this email.</p>\r\n            <hr>\r\n            <p style=\'color: #6c757d; font-size: 12px;\'>\r\n                This is an automated email from TAU-UREO Portal. Please do not reply to this email.\r\n            </p>\r\n        </body>\r\n        </html>\r\n        ','2026-03-17 06:31:26','sent',NULL),(37,'UREO-0003','test2@gmail.com','general','TAU-UREO Portal - Login OTP','\r\n        <html>\r\n        <body style=\'font-family: Arial, sans-serif;\'>\r\n            <h2>Login Verification</h2>\r\n            <p>Your One-Time Password (OTP) for accessing the TAU-UREO Portal:</p>\r\n            <div style=\'background: #f8f9fa; padding: 20px; text-align: center; border-radius: 8px; margin: 20px 0;\'>\r\n                <h1 style=\'color: #0d6efd; letter-spacing: 5px; margin: 0;\'>025015</h1>\r\n            </div>\r\n            <p>This OTP will expire in 10 minutes.</p>\r\n            <p>If you did not request this OTP, please ignore this email.</p>\r\n            <hr>\r\n            <p style=\'color: #6c757d; font-size: 12px;\'>\r\n                This is an automated email from TAU-UREO Portal. Please do not reply to this email.\r\n            </p>\r\n        </body>\r\n        </html>\r\n        ','2026-03-19 08:31:52','sent',NULL),(38,'UREO-0003','test2@gmail.com','general','TAU-UREO Portal - Login OTP','\r\n        <html>\r\n        <body style=\'font-family: Arial, sans-serif;\'>\r\n            <h2>Login Verification</h2>\r\n            <p>Your One-Time Password (OTP) for accessing the TAU-UREO Portal:</p>\r\n            <div style=\'background: #f8f9fa; padding: 20px; text-align: center; border-radius: 8px; margin: 20px 0;\'>\r\n                <h1 style=\'color: #0d6efd; letter-spacing: 5px; margin: 0;\'>462729</h1>\r\n            </div>\r\n            <p>This OTP will expire in 10 minutes.</p>\r\n            <p>If you did not request this OTP, please ignore this email.</p>\r\n            <hr>\r\n            <p style=\'color: #6c757d; font-size: 12px;\'>\r\n                This is an automated email from TAU-UREO Portal. Please do not reply to this email.\r\n            </p>\r\n        </body>\r\n        </html>\r\n        ','2026-03-24 03:51:18','sent',NULL),(39,'UREO-0001','test@gmail.com','general','TAU-UREO Portal - Login OTP','\r\n        <html>\r\n        <body style=\'font-family: Arial, sans-serif;\'>\r\n            <h2>Login Verification</h2>\r\n            <p>Your One-Time Password (OTP) for accessing the TAU-UREO Portal:</p>\r\n            <div style=\'background: #f8f9fa; padding: 20px; text-align: center; border-radius: 8px; margin: 20px 0;\'>\r\n                <h1 style=\'color: #0d6efd; letter-spacing: 5px; margin: 0;\'>991442</h1>\r\n            </div>\r\n            <p>This OTP will expire in 10 minutes.</p>\r\n            <p>If you did not request this OTP, please ignore this email.</p>\r\n            <hr>\r\n            <p style=\'color: #6c757d; font-size: 12px;\'>\r\n                This is an automated email from TAU-UREO Portal. Please do not reply to this email.\r\n            </p>\r\n        </body>\r\n        </html>\r\n        ','2026-03-24 04:28:00','sent',NULL),(40,'UREO-0001','test@gmail.com','general','TAU-UREO Portal - Login OTP','\r\n        <html>\r\n        <body style=\'font-family: Arial, sans-serif;\'>\r\n            <h2>Login Verification</h2>\r\n            <p>Your One-Time Password (OTP) for accessing the TAU-UREO Portal:</p>\r\n            <div style=\'background: #f8f9fa; padding: 20px; text-align: center; border-radius: 8px; margin: 20px 0;\'>\r\n                <h1 style=\'color: #0d6efd; letter-spacing: 5px; margin: 0;\'>935930</h1>\r\n            </div>\r\n            <p>This OTP will expire in 10 minutes.</p>\r\n            <p>If you did not request this OTP, please ignore this email.</p>\r\n            <hr>\r\n            <p style=\'color: #6c757d; font-size: 12px;\'>\r\n                This is an automated email from TAU-UREO Portal. Please do not reply to this email.\r\n            </p>\r\n        </body>\r\n        </html>\r\n        ','2026-03-24 08:40:16','sent',NULL),(41,'UREO-0001','test@gmail.com','general','TAU-UREO Portal - Login OTP','\r\n        <html>\r\n        <body style=\'font-family: Arial, sans-serif;\'>\r\n            <h2>Login Verification</h2>\r\n            <p>Your One-Time Password (OTP) for accessing the TAU-UREO Portal:</p>\r\n            <div style=\'background: #f8f9fa; padding: 20px; text-align: center; border-radius: 8px; margin: 20px 0;\'>\r\n                <h1 style=\'color: #0d6efd; letter-spacing: 5px; margin: 0;\'>530104</h1>\r\n            </div>\r\n            <p>This OTP will expire in 10 minutes.</p>\r\n            <p>If you did not request this OTP, please ignore this email.</p>\r\n            <hr>\r\n            <p style=\'color: #6c757d; font-size: 12px;\'>\r\n                This is an automated email from TAU-UREO Portal. Please do not reply to this email.\r\n            </p>\r\n        </body>\r\n        </html>\r\n        ','2026-03-24 09:39:07','sent',NULL),(42,'UREO-0001','test@gmail.com','general','TAU-UREO Portal - Login OTP','\r\n        <html>\r\n        <body style=\'font-family: Arial, sans-serif;\'>\r\n            <h2>Login Verification</h2>\r\n            <p>Your One-Time Password (OTP) for accessing the TAU-UREO Portal:</p>\r\n            <div style=\'background: #f8f9fa; padding: 20px; text-align: center; border-radius: 8px; margin: 20px 0;\'>\r\n                <h1 style=\'color: #0d6efd; letter-spacing: 5px; margin: 0;\'>955129</h1>\r\n            </div>\r\n            <p>This OTP will expire in 10 minutes.</p>\r\n            <p>If you did not request this OTP, please ignore this email.</p>\r\n            <hr>\r\n            <p style=\'color: #6c757d; font-size: 12px;\'>\r\n                This is an automated email from TAU-UREO Portal. Please do not reply to this email.\r\n            </p>\r\n        </body>\r\n        </html>\r\n        ','2026-03-25 00:28:02','failed','Email could not be sent. Error: SMTP Error: Could not authenticate.'),(43,'UREO-0001','test@gmail.com','general','TAU-UREO Portal - Login OTP','\r\n        <html>\r\n        <body style=\'font-family: Arial, sans-serif;\'>\r\n            <h2>Login Verification</h2>\r\n            <p>Your One-Time Password (OTP) for accessing the TAU-UREO Portal:</p>\r\n            <div style=\'background: #f8f9fa; padding: 20px; text-align: center; border-radius: 8px; margin: 20px 0;\'>\r\n                <h1 style=\'color: #0d6efd; letter-spacing: 5px; margin: 0;\'>179433</h1>\r\n            </div>\r\n            <p>This OTP will expire in 10 minutes.</p>\r\n            <p>If you did not request this OTP, please ignore this email.</p>\r\n            <hr>\r\n            <p style=\'color: #6c757d; font-size: 12px;\'>\r\n                This is an automated email from TAU-UREO Portal. Please do not reply to this email.\r\n            </p>\r\n        </body>\r\n        </html>\r\n        ','2026-03-25 01:58:40','failed','Email could not be sent. Error: SMTP Error: Could not authenticate.'),(44,'UREO-0001','test@gmail.com','general','TAU-UREO Portal - Login OTP','\r\n        <html>\r\n        <body style=\'font-family: Arial, sans-serif;\'>\r\n            <h2>Login Verification</h2>\r\n            <p>Your One-Time Password (OTP) for accessing the TAU-UREO Portal:</p>\r\n            <div style=\'background: #f8f9fa; padding: 20px; text-align: center; border-radius: 8px; margin: 20px 0;\'>\r\n                <h1 style=\'color: #0d6efd; letter-spacing: 5px; margin: 0;\'>436975</h1>\r\n            </div>\r\n            <p>This OTP will expire in 10 minutes.</p>\r\n            <p>If you did not request this OTP, please ignore this email.</p>\r\n            <hr>\r\n            <p style=\'color: #6c757d; font-size: 12px;\'>\r\n                This is an automated email from TAU-UREO Portal. Please do not reply to this email.\r\n            </p>\r\n        </body>\r\n        </html>\r\n        ','2026-03-25 03:04:21','failed','Email could not be sent. Error: SMTP Error: Could not authenticate.'),(45,'UREO-0001','test@gmail.com','general','TAU-UREO Portal - Login OTP','\r\n        <html>\r\n        <body style=\'font-family: Arial, sans-serif;\'>\r\n            <h2>Login Verification</h2>\r\n            <p>Your One-Time Password (OTP) for accessing the TAU-UREO Portal:</p>\r\n            <div style=\'background: #f8f9fa; padding: 20px; text-align: center; border-radius: 8px; margin: 20px 0;\'>\r\n                <h1 style=\'color: #0d6efd; letter-spacing: 5px; margin: 0;\'>899686</h1>\r\n            </div>\r\n            <p>This OTP will expire in 10 minutes.</p>\r\n            <p>If you did not request this OTP, please ignore this email.</p>\r\n            <hr>\r\n            <p style=\'color: #6c757d; font-size: 12px;\'>\r\n                This is an automated email from TAU-UREO Portal. Please do not reply to this email.\r\n            </p>\r\n        </body>\r\n        </html>\r\n        ','2026-03-25 06:02:11','failed','Email could not be sent. Error: SMTP Error: Could not authenticate.'),(46,'UREO-0001','test@gmail.com','general','TAU-UREO Portal - Login OTP','\r\n        <html>\r\n        <body style=\'font-family: Arial, sans-serif;\'>\r\n            <h2>Login Verification</h2>\r\n            <p>Your One-Time Password (OTP) for accessing the TAU-UREO Portal:</p>\r\n            <div style=\'background: #f8f9fa; padding: 20px; text-align: center; border-radius: 8px; margin: 20px 0;\'>\r\n                <h1 style=\'color: #0d6efd; letter-spacing: 5px; margin: 0;\'>509736</h1>\r\n            </div>\r\n            <p>This OTP will expire in 10 minutes.</p>\r\n            <p>If you did not request this OTP, please ignore this email.</p>\r\n            <hr>\r\n            <p style=\'color: #6c757d; font-size: 12px;\'>\r\n                This is an automated email from TAU-UREO Portal. Please do not reply to this email.\r\n            </p>\r\n        </body>\r\n        </html>\r\n        ','2026-03-25 09:13:06','failed','Email could not be sent. Error: SMTP Error: Could not authenticate.'),(47,'UREO-0002','test1@gmail.com','general','TAU-UREO Portal - Login OTP','\r\n        <html>\r\n        <body style=\'font-family: Arial, sans-serif;\'>\r\n            <h2>Login Verification</h2>\r\n            <p>Your One-Time Password (OTP) for accessing the TAU-UREO Portal:</p>\r\n            <div style=\'background: #f8f9fa; padding: 20px; text-align: center; border-radius: 8px; margin: 20px 0;\'>\r\n                <h1 style=\'color: #0d6efd; letter-spacing: 5px; margin: 0;\'>004093</h1>\r\n            </div>\r\n            <p>This OTP will expire in 10 minutes.</p>\r\n            <p>If you did not request this OTP, please ignore this email.</p>\r\n            <hr>\r\n            <p style=\'color: #6c757d; font-size: 12px;\'>\r\n                This is an automated email from TAU-UREO Portal. Please do not reply to this email.\r\n            </p>\r\n        </body>\r\n        </html>\r\n        ','2026-03-26 00:26:38','failed','Email could not be sent. Error: SMTP Error: Could not authenticate.'),(48,'UREO-0001','test@gmail.com','general','TAU-UREO Portal - Login OTP','\r\n        <html>\r\n        <body style=\'font-family: Arial, sans-serif;\'>\r\n            <h2>Login Verification</h2>\r\n            <p>Your One-Time Password (OTP) for accessing the TAU-UREO Portal:</p>\r\n            <div style=\'background: #f8f9fa; padding: 20px; text-align: center; border-radius: 8px; margin: 20px 0;\'>\r\n                <h1 style=\'color: #0d6efd; letter-spacing: 5px; margin: 0;\'>342433</h1>\r\n            </div>\r\n            <p>This OTP will expire in 10 minutes.</p>\r\n            <p>If you did not request this OTP, please ignore this email.</p>\r\n            <hr>\r\n            <p style=\'color: #6c757d; font-size: 12px;\'>\r\n                This is an automated email from TAU-UREO Portal. Please do not reply to this email.\r\n            </p>\r\n        </body>\r\n        </html>\r\n        ','2026-03-26 00:35:16','failed','Email could not be sent. Error: SMTP Error: Could not authenticate.'),(49,'UREO-0001','test@gmail.com','general','TAU-UREO Portal - Login OTP','\r\n        <html>\r\n        <body style=\'font-family: Arial, sans-serif;\'>\r\n            <h2>Login Verification</h2>\r\n            <p>Your One-Time Password (OTP) for accessing the TAU-UREO Portal:</p>\r\n            <div style=\'background: #f8f9fa; padding: 20px; text-align: center; border-radius: 8px; margin: 20px 0;\'>\r\n                <h1 style=\'color: #0d6efd; letter-spacing: 5px; margin: 0;\'>502571</h1>\r\n            </div>\r\n            <p>This OTP will expire in 10 minutes.</p>\r\n            <p>If you did not request this OTP, please ignore this email.</p>\r\n            <hr>\r\n            <p style=\'color: #6c757d; font-size: 12px;\'>\r\n                This is an automated email from TAU-UREO Portal. Please do not reply to this email.\r\n            </p>\r\n        </body>\r\n        </html>\r\n        ','2026-03-26 05:25:22','failed','Email could not be sent. Error: SMTP Error: Could not authenticate.'),(50,'UREO-0001','test@gmail.com','general','TAU-UREO Portal - Login OTP','\r\n        <html>\r\n        <body style=\'font-family: Arial, sans-serif;\'>\r\n            <h2>Login Verification</h2>\r\n            <p>Your One-Time Password (OTP) for accessing the TAU-UREO Portal:</p>\r\n            <div style=\'background: #f8f9fa; padding: 20px; text-align: center; border-radius: 8px; margin: 20px 0;\'>\r\n                <h1 style=\'color: #0d6efd; letter-spacing: 5px; margin: 0;\'>026433</h1>\r\n            </div>\r\n            <p>This OTP will expire in 10 minutes.</p>\r\n            <p>If you did not request this OTP, please ignore this email.</p>\r\n            <hr>\r\n            <p style=\'color: #6c757d; font-size: 12px;\'>\r\n                This is an automated email from TAU-UREO Portal. Please do not reply to this email.\r\n            </p>\r\n        </body>\r\n        </html>\r\n        ','2026-03-26 07:19:09','failed','Email could not be sent. Error: SMTP Error: Could not authenticate.'),(51,'UREO-0001','test@gmail.com','general','TAU-UREO Portal - Login OTP','\r\n        <html>\r\n        <body style=\'font-family: Arial, sans-serif;\'>\r\n            <h2>Login Verification</h2>\r\n            <p>Your One-Time Password (OTP) for accessing the TAU-UREO Portal:</p>\r\n            <div style=\'background: #f8f9fa; padding: 20px; text-align: center; border-radius: 8px; margin: 20px 0;\'>\r\n                <h1 style=\'color: #0d6efd; letter-spacing: 5px; margin: 0;\'>221277</h1>\r\n            </div>\r\n            <p>This OTP will expire in 10 minutes.</p>\r\n            <p>If you did not request this OTP, please ignore this email.</p>\r\n            <hr>\r\n            <p style=\'color: #6c757d; font-size: 12px;\'>\r\n                This is an automated email from TAU-UREO Portal. Please do not reply to this email.\r\n            </p>\r\n        </body>\r\n        </html>\r\n        ','2026-03-27 00:20:29','failed','Email could not be sent. Error: SMTP Error: Could not authenticate.'),(52,'UREO-0001','test@gmail.com','general','TAU-UREO Portal - Login OTP','\r\n        <html>\r\n        <body style=\'font-family: Arial, sans-serif;\'>\r\n            <h2>Login Verification</h2>\r\n            <p>Your One-Time Password (OTP) for accessing the TAU-UREO Portal:</p>\r\n            <div style=\'background: #f8f9fa; padding: 20px; text-align: center; border-radius: 8px; margin: 20px 0;\'>\r\n                <h1 style=\'color: #0d6efd; letter-spacing: 5px; margin: 0;\'>123978</h1>\r\n            </div>\r\n            <p>This OTP will expire in 10 minutes.</p>\r\n            <p>If you did not request this OTP, please ignore this email.</p>\r\n            <hr>\r\n            <p style=\'color: #6c757d; font-size: 12px;\'>\r\n                This is an automated email from TAU-UREO Portal. Please do not reply to this email.\r\n            </p>\r\n        </body>\r\n        </html>\r\n        ','2026-03-27 06:32:24','failed','Email could not be sent. Error: SMTP Error: Could not authenticate.'),(53,'UREO-0002','test1@gmail.com','general','TAU-UREO Portal - Login OTP','\r\n        <html>\r\n        <body style=\'font-family: Arial, sans-serif;\'>\r\n            <h2>Login Verification</h2>\r\n            <p>Your One-Time Password (OTP) for accessing the TAU-UREO Portal:</p>\r\n            <div style=\'background: #f8f9fa; padding: 20px; text-align: center; border-radius: 8px; margin: 20px 0;\'>\r\n                <h1 style=\'color: #0d6efd; letter-spacing: 5px; margin: 0;\'>126985</h1>\r\n            </div>\r\n            <p>This OTP will expire in 10 minutes.</p>\r\n            <p>If you did not request this OTP, please ignore this email.</p>\r\n            <hr>\r\n            <p style=\'color: #6c757d; font-size: 12px;\'>\r\n                This is an automated email from TAU-UREO Portal. Please do not reply to this email.\r\n            </p>\r\n        </body>\r\n        </html>\r\n        ','2026-03-27 07:09:22','failed','Email could not be sent. Error: SMTP Error: Could not authenticate.'),(54,'UREO-0002','test1@gmail.com','general','TAU-UREO Portal - Login OTP','\r\n        <html>\r\n        <body style=\'font-family: Arial, sans-serif;\'>\r\n            <h2>Login Verification</h2>\r\n            <p>Your One-Time Password (OTP) for accessing the TAU-UREO Portal:</p>\r\n            <div style=\'background: #f8f9fa; padding: 20px; text-align: center; border-radius: 8px; margin: 20px 0;\'>\r\n                <h1 style=\'color: #0d6efd; letter-spacing: 5px; margin: 0;\'>441459</h1>\r\n            </div>\r\n            <p>This OTP will expire in 10 minutes.</p>\r\n            <p>If you did not request this OTP, please ignore this email.</p>\r\n            <hr>\r\n            <p style=\'color: #6c757d; font-size: 12px;\'>\r\n                This is an automated email from TAU-UREO Portal. Please do not reply to this email.\r\n            </p>\r\n        </body>\r\n        </html>\r\n        ','2026-04-02 00:15:44','failed','Email could not be sent. Error: SMTP Error: Could not authenticate.'),(55,'UREO-0002','test1@gmail.com','general','TAU-UREO Portal - Login OTP','\r\n        <html>\r\n        <body style=\'font-family: Arial, sans-serif;\'>\r\n            <h2>Login Verification</h2>\r\n            <p>Your One-Time Password (OTP) for accessing the TAU-UREO Portal:</p>\r\n            <div style=\'background: #f8f9fa; padding: 20px; text-align: center; border-radius: 8px; margin: 20px 0;\'>\r\n                <h1 style=\'color: #0d6efd; letter-spacing: 5px; margin: 0;\'>166553</h1>\r\n            </div>\r\n            <p>This OTP will expire in 10 minutes.</p>\r\n            <p>If you did not request this OTP, please ignore this email.</p>\r\n            <hr>\r\n            <p style=\'color: #6c757d; font-size: 12px;\'>\r\n                This is an automated email from TAU-UREO Portal. Please do not reply to this email.\r\n            </p>\r\n        </body>\r\n        </html>\r\n        ','2026-04-02 00:15:47','failed','Email could not be sent. Error: SMTP Error: Could not authenticate.'),(56,'UREO-0002','test1@gmail.com','general','TAU-UREO Portal - Login OTP','\r\n        <html>\r\n        <body style=\'font-family: Arial, sans-serif;\'>\r\n            <h2>Login Verification</h2>\r\n            <p>Your One-Time Password (OTP) for accessing the TAU-UREO Portal:</p>\r\n            <div style=\'background: #f8f9fa; padding: 20px; text-align: center; border-radius: 8px; margin: 20px 0;\'>\r\n                <h1 style=\'color: #0d6efd; letter-spacing: 5px; margin: 0;\'>195324</h1>\r\n            </div>\r\n            <p>This OTP will expire in 10 minutes.</p>\r\n            <p>If you did not request this OTP, please ignore this email.</p>\r\n            <hr>\r\n            <p style=\'color: #6c757d; font-size: 12px;\'>\r\n                This is an automated email from TAU-UREO Portal. Please do not reply to this email.\r\n            </p>\r\n        </body>\r\n        </html>\r\n        ','2026-04-06 14:05:58','failed','Email could not be sent. Error: SMTP Error: Could not authenticate.'),(57,'UREO-0001','test@gmail.com','general','TAU-UREO Portal - Login OTP','\r\n        <html>\r\n        <body style=\'font-family: Arial, sans-serif;\'>\r\n            <h2>Login Verification</h2>\r\n            <p>Your One-Time Password (OTP) for accessing the TAU-UREO Portal:</p>\r\n            <div style=\'background: #f8f9fa; padding: 20px; text-align: center; border-radius: 8px; margin: 20px 0;\'>\r\n                <h1 style=\'color: #0d6efd; letter-spacing: 5px; margin: 0;\'>452844</h1>\r\n            </div>\r\n            <p>This OTP will expire in 10 minutes.</p>\r\n            <p>If you did not request this OTP, please ignore this email.</p>\r\n            <hr>\r\n            <p style=\'color: #6c757d; font-size: 12px;\'>\r\n                This is an automated email from TAU-UREO Portal. Please do not reply to this email.\r\n            </p>\r\n        </body>\r\n        </html>\r\n        ','2026-04-06 14:40:45','failed','Email could not be sent. Error: SMTP Error: Could not authenticate.'),(58,'UREO-0003','test2@gmail.com','general','TAU-UREO Portal - Login OTP','\r\n        <html>\r\n        <body style=\'font-family: Arial, sans-serif;\'>\r\n            <h2>Login Verification</h2>\r\n            <p>Your One-Time Password (OTP) for accessing the TAU-UREO Portal:</p>\r\n            <div style=\'background: #f8f9fa; padding: 20px; text-align: center; border-radius: 8px; margin: 20px 0;\'>\r\n                <h1 style=\'color: #0d6efd; letter-spacing: 5px; margin: 0;\'>609818</h1>\r\n            </div>\r\n            <p>This OTP will expire in 10 minutes.</p>\r\n            <p>If you did not request this OTP, please ignore this email.</p>\r\n            <hr>\r\n            <p style=\'color: #6c757d; font-size: 12px;\'>\r\n                This is an automated email from TAU-UREO Portal. Please do not reply to this email.\r\n            </p>\r\n        </body>\r\n        </html>\r\n        ','2026-04-07 05:48:24','failed','Email could not be sent. Error: SMTP Error: Could not authenticate.'),(59,'UREO-0002','test1@gmail.com','general','TAU-UREO Portal - Login OTP','\r\n        <html>\r\n        <body style=\'font-family: Arial, sans-serif;\'>\r\n            <h2>Login Verification</h2>\r\n            <p>Your One-Time Password (OTP) for accessing the TAU-UREO Portal:</p>\r\n            <div style=\'background: #f8f9fa; padding: 20px; text-align: center; border-radius: 8px; margin: 20px 0;\'>\r\n                <h1 style=\'color: #0d6efd; letter-spacing: 5px; margin: 0;\'>331053</h1>\r\n            </div>\r\n            <p>This OTP will expire in 10 minutes.</p>\r\n            <p>If you did not request this OTP, please ignore this email.</p>\r\n            <hr>\r\n            <p style=\'color: #6c757d; font-size: 12px;\'>\r\n                This is an automated email from TAU-UREO Portal. Please do not reply to this email.\r\n            </p>\r\n        </body>\r\n        </html>\r\n        ','2026-04-07 06:12:31','failed','Email could not be sent. Error: SMTP Error: Could not authenticate.'),(60,'UREO-0001','test@gmail.com','general','TAU-UREO Portal - Login OTP','\r\n        <html>\r\n        <body style=\'font-family: Arial, sans-serif;\'>\r\n            <h2>Login Verification</h2>\r\n            <p>Your One-Time Password (OTP) for accessing the TAU-UREO Portal:</p>\r\n            <div style=\'background: #f8f9fa; padding: 20px; text-align: center; border-radius: 8px; margin: 20px 0;\'>\r\n                <h1 style=\'color: #0d6efd; letter-spacing: 5px; margin: 0;\'>408722</h1>\r\n            </div>\r\n            <p>This OTP will expire in 10 minutes.</p>\r\n            <p>If you did not request this OTP, please ignore this email.</p>\r\n            <hr>\r\n            <p style=\'color: #6c757d; font-size: 12px;\'>\r\n                This is an automated email from TAU-UREO Portal. Please do not reply to this email.\r\n            </p>\r\n        </body>\r\n        </html>\r\n        ','2026-04-07 06:21:50','failed','Email could not be sent. Error: SMTP Error: Could not authenticate.'),(61,'UREO-0001','test@gmail.com','general','TAU-UREO Portal - Login OTP','\r\n        <html>\r\n        <body style=\'font-family: Arial, sans-serif;\'>\r\n            <h2>Login Verification</h2>\r\n            <p>Your One-Time Password (OTP) for accessing the TAU-UREO Portal:</p>\r\n            <div style=\'background: #f8f9fa; padding: 20px; text-align: center; border-radius: 8px; margin: 20px 0;\'>\r\n                <h1 style=\'color: #0d6efd; letter-spacing: 5px; margin: 0;\'>639432</h1>\r\n            </div>\r\n            <p>This OTP will expire in 10 minutes.</p>\r\n            <p>If you did not request this OTP, please ignore this email.</p>\r\n            <hr>\r\n            <p style=\'color: #6c757d; font-size: 12px;\'>\r\n                This is an automated email from TAU-UREO Portal. Please do not reply to this email.\r\n            </p>\r\n        </body>\r\n        </html>\r\n        ','2026-04-07 07:49:58','failed','Email could not be sent. Error: SMTP Error: Could not authenticate.'),(62,'UREO-0001','test@gmail.com','general','TAU-UREO Portal - Login OTP','\r\n        <html>\r\n        <body style=\'font-family: Arial, sans-serif;\'>\r\n            <h2>Login Verification</h2>\r\n            <p>Your One-Time Password (OTP) for accessing the TAU-UREO Portal:</p>\r\n            <div style=\'background: #f8f9fa; padding: 20px; text-align: center; border-radius: 8px; margin: 20px 0;\'>\r\n                <h1 style=\'color: #0d6efd; letter-spacing: 5px; margin: 0;\'>131462</h1>\r\n            </div>\r\n            <p>This OTP will expire in 10 minutes.</p>\r\n            <p>If you did not request this OTP, please ignore this email.</p>\r\n            <hr>\r\n            <p style=\'color: #6c757d; font-size: 12px;\'>\r\n                This is an automated email from TAU-UREO Portal. Please do not reply to this email.\r\n            </p>\r\n        </body>\r\n        </html>\r\n        ','2026-04-07 09:19:08','failed','Email could not be sent. Error: SMTP Error: Could not authenticate.'),(63,'UREO-0002','test1@gmail.com','general','TAU-UREO Portal - Login OTP','\r\n        <html>\r\n        <body style=\'font-family: Arial, sans-serif;\'>\r\n            <h2>Login Verification</h2>\r\n            <p>Your One-Time Password (OTP) for accessing the TAU-UREO Portal:</p>\r\n            <div style=\'background: #f8f9fa; padding: 20px; text-align: center; border-radius: 8px; margin: 20px 0;\'>\r\n                <h1 style=\'color: #0d6efd; letter-spacing: 5px; margin: 0;\'>017181</h1>\r\n            </div>\r\n            <p>This OTP will expire in 10 minutes.</p>\r\n            <p>If you did not request this OTP, please ignore this email.</p>\r\n            <hr>\r\n            <p style=\'color: #6c757d; font-size: 12px;\'>\r\n                This is an automated email from TAU-UREO Portal. Please do not reply to this email.\r\n            </p>\r\n        </body>\r\n        </html>\r\n        ','2026-04-07 09:19:48','failed','Email could not be sent. Error: SMTP Error: Could not authenticate.'),(64,'UREO-0001','test@gmail.com','general','TAU-UREO Portal - Login OTP','\r\n        <html>\r\n        <body style=\'font-family: Arial, sans-serif;\'>\r\n            <h2>Login Verification</h2>\r\n            <p>Your One-Time Password (OTP) for accessing the TAU-UREO Portal:</p>\r\n            <div style=\'background: #f8f9fa; padding: 20px; text-align: center; border-radius: 8px; margin: 20px 0;\'>\r\n                <h1 style=\'color: #0d6efd; letter-spacing: 5px; margin: 0;\'>627310</h1>\r\n            </div>\r\n            <p>This OTP will expire in 10 minutes.</p>\r\n            <p>If you did not request this OTP, please ignore this email.</p>\r\n            <hr>\r\n            <p style=\'color: #6c757d; font-size: 12px;\'>\r\n                This is an automated email from TAU-UREO Portal. Please do not reply to this email.\r\n            </p>\r\n        </body>\r\n        </html>\r\n        ','2026-04-08 06:58:52','failed','Email could not be sent. Error: SMTP Error: Could not authenticate.'),(65,'UREO-0001','test@gmail.com','general','TAU-UREO Portal - Login OTP','\r\n        <html>\r\n        <body style=\'font-family: Arial, sans-serif;\'>\r\n            <h2>Login Verification</h2>\r\n            <p>Your One-Time Password (OTP) for accessing the TAU-UREO Portal:</p>\r\n            <div style=\'background: #f8f9fa; padding: 20px; text-align: center; border-radius: 8px; margin: 20px 0;\'>\r\n                <h1 style=\'color: #0d6efd; letter-spacing: 5px; margin: 0;\'>417883</h1>\r\n            </div>\r\n            <p>This OTP will expire in 10 minutes.</p>\r\n            <p>If you did not request this OTP, please ignore this email.</p>\r\n            <hr>\r\n            <p style=\'color: #6c757d; font-size: 12px;\'>\r\n                This is an automated email from TAU-UREO Portal. Please do not reply to this email.\r\n            </p>\r\n        </body>\r\n        </html>\r\n        ','2026-04-08 08:55:37','failed','Email could not be sent. Error: SMTP Error: Could not authenticate.'),(66,'UREO-0001','test@gmail.com','general','TAU-UREO Portal - Login OTP','\r\n        <html>\r\n        <body style=\'font-family: Arial, sans-serif;\'>\r\n            <h2>Login Verification</h2>\r\n            <p>Your One-Time Password (OTP) for accessing the TAU-UREO Portal:</p>\r\n            <div style=\'background: #f8f9fa; padding: 20px; text-align: center; border-radius: 8px; margin: 20px 0;\'>\r\n                <h1 style=\'color: #0d6efd; letter-spacing: 5px; margin: 0;\'>402677</h1>\r\n            </div>\r\n            <p>This OTP will expire in 10 minutes.</p>\r\n            <p>If you did not request this OTP, please ignore this email.</p>\r\n            <hr>\r\n            <p style=\'color: #6c757d; font-size: 12px;\'>\r\n                This is an automated email from TAU-UREO Portal. Please do not reply to this email.\r\n            </p>\r\n        </body>\r\n        </html>\r\n        ','2026-04-14 07:16:17','failed','Email could not be sent. Error: SMTP Error: Could not authenticate.'),(67,'UREO-0001','test@gmail.com','general','TAU-UREO Portal - Login OTP','\r\n        <html>\r\n        <body style=\'font-family: Arial, sans-serif;\'>\r\n            <h2>Login Verification</h2>\r\n            <p>Your One-Time Password (OTP) for accessing the TAU-UREO Portal:</p>\r\n            <div style=\'background: #f8f9fa; padding: 20px; text-align: center; border-radius: 8px; margin: 20px 0;\'>\r\n                <h1 style=\'color: #0d6efd; letter-spacing: 5px; margin: 0;\'>129487</h1>\r\n            </div>\r\n            <p>This OTP will expire in 10 minutes.</p>\r\n            <p>If you did not request this OTP, please ignore this email.</p>\r\n            <hr>\r\n            <p style=\'color: #6c757d; font-size: 12px;\'>\r\n                This is an automated email from TAU-UREO Portal. Please do not reply to this email.\r\n            </p>\r\n        </body>\r\n        </html>\r\n        ','2026-04-15 04:16:45','failed','Email could not be sent. Error: SMTP Error: Could not authenticate.'),(68,'UREO-0003','test2@gmail.com','general','TAU-UREO Portal - Login OTP','\r\n        <html>\r\n        <body style=\'font-family: Arial, sans-serif;\'>\r\n            <h2>Login Verification</h2>\r\n            <p>Your One-Time Password (OTP) for accessing the TAU-UREO Portal:</p>\r\n            <div style=\'background: #f8f9fa; padding: 20px; text-align: center; border-radius: 8px; margin: 20px 0;\'>\r\n                <h1 style=\'color: #0d6efd; letter-spacing: 5px; margin: 0;\'>611306</h1>\r\n            </div>\r\n            <p>This OTP will expire in 10 minutes.</p>\r\n            <p>If you did not request this OTP, please ignore this email.</p>\r\n            <hr>\r\n            <p style=\'color: #6c757d; font-size: 12px;\'>\r\n                This is an automated email from TAU-UREO Portal. Please do not reply to this email.\r\n            </p>\r\n        </body>\r\n        </html>\r\n        ','2026-04-15 04:16:54','failed','Email could not be sent. Error: SMTP Error: Could not authenticate.'),(69,'UREO-0003','test2@gmail.com','general','TAU-UREO Portal - Login OTP','\r\n        <html>\r\n        <body style=\'font-family: Arial, sans-serif;\'>\r\n            <h2>Login Verification</h2>\r\n            <p>Your One-Time Password (OTP) for accessing the TAU-UREO Portal:</p>\r\n            <div style=\'background: #f8f9fa; padding: 20px; text-align: center; border-radius: 8px; margin: 20px 0;\'>\r\n                <h1 style=\'color: #0d6efd; letter-spacing: 5px; margin: 0;\'>045108</h1>\r\n            </div>\r\n            <p>This OTP will expire in 10 minutes.</p>\r\n            <p>If you did not request this OTP, please ignore this email.</p>\r\n            <hr>\r\n            <p style=\'color: #6c757d; font-size: 12px;\'>\r\n                This is an automated email from TAU-UREO Portal. Please do not reply to this email.\r\n            </p>\r\n        </body>\r\n        </html>\r\n        ','2026-04-15 07:29:13','failed','Email could not be sent. Error: SMTP Error: Could not authenticate.'),(70,'UREO-0003','test2@gmail.com','general','TAU-UREO Portal - Login OTP','\r\n        <html>\r\n        <body style=\'font-family: Arial, sans-serif;\'>\r\n            <h2>Login Verification</h2>\r\n            <p>Your One-Time Password (OTP) for accessing the TAU-UREO Portal:</p>\r\n            <div style=\'background: #f8f9fa; padding: 20px; text-align: center; border-radius: 8px; margin: 20px 0;\'>\r\n                <h1 style=\'color: #0d6efd; letter-spacing: 5px; margin: 0;\'>029825</h1>\r\n            </div>\r\n            <p>This OTP will expire in 10 minutes.</p>\r\n            <p>If you did not request this OTP, please ignore this email.</p>\r\n            <hr>\r\n            <p style=\'color: #6c757d; font-size: 12px;\'>\r\n                This is an automated email from TAU-UREO Portal. Please do not reply to this email.\r\n            </p>\r\n        </body>\r\n        </html>\r\n        ','2026-04-15 08:58:22','failed','Email could not be sent. Error: SMTP Error: Could not authenticate.'),(71,'UREO-0001','test@gmail.com','general','TAU-UREO Portal - Login OTP','\r\n        <html>\r\n        <body style=\'font-family: Arial, sans-serif;\'>\r\n            <h2>Login Verification</h2>\r\n            <p>Your One-Time Password (OTP) for accessing the TAU-UREO Portal:</p>\r\n            <div style=\'background: #f8f9fa; padding: 20px; text-align: center; border-radius: 8px; margin: 20px 0;\'>\r\n                <h1 style=\'color: #0d6efd; letter-spacing: 5px; margin: 0;\'>183724</h1>\r\n            </div>\r\n            <p>This OTP will expire in 10 minutes.</p>\r\n            <p>If you did not request this OTP, please ignore this email.</p>\r\n            <hr>\r\n            <p style=\'color: #6c757d; font-size: 12px;\'>\r\n                This is an automated email from TAU-UREO Portal. Please do not reply to this email.\r\n            </p>\r\n        </body>\r\n        </html>\r\n        ','2026-04-15 08:59:23','failed','Email could not be sent. Error: SMTP Error: Could not authenticate.'),(72,'UREO-0001','test@gmail.com','general','TAU-UREO Portal - Login OTP','\r\n        <html>\r\n        <body style=\'font-family: Arial, sans-serif;\'>\r\n            <h2>Login Verification</h2>\r\n            <p>Your One-Time Password (OTP) for accessing the TAU-UREO Portal:</p>\r\n            <div style=\'background: #f8f9fa; padding: 20px; text-align: center; border-radius: 8px; margin: 20px 0;\'>\r\n                <h1 style=\'color: #0d6efd; letter-spacing: 5px; margin: 0;\'>700846</h1>\r\n            </div>\r\n            <p>This OTP will expire in 10 minutes.</p>\r\n            <p>If you did not request this OTP, please ignore this email.</p>\r\n            <hr>\r\n            <p style=\'color: #6c757d; font-size: 12px;\'>\r\n                This is an automated email from TAU-UREO Portal. Please do not reply to this email.\r\n            </p>\r\n        </body>\r\n        </html>\r\n        ','2026-04-16 01:50:58','failed','Email could not be sent. Error: SMTP Error: Could not authenticate.'),(73,'UREO-0003','test2@gmail.com','general','TAU-UREO Portal - Login OTP','\r\n        <html>\r\n        <body style=\'font-family: Arial, sans-serif;\'>\r\n            <h2>Login Verification</h2>\r\n            <p>Your One-Time Password (OTP) for accessing the TAU-UREO Portal:</p>\r\n            <div style=\'background: #f8f9fa; padding: 20px; text-align: center; border-radius: 8px; margin: 20px 0;\'>\r\n                <h1 style=\'color: #0d6efd; letter-spacing: 5px; margin: 0;\'>634749</h1>\r\n            </div>\r\n            <p>This OTP will expire in 10 minutes.</p>\r\n            <p>If you did not request this OTP, please ignore this email.</p>\r\n            <hr>\r\n            <p style=\'color: #6c757d; font-size: 12px;\'>\r\n                This is an automated email from TAU-UREO Portal. Please do not reply to this email.\r\n            </p>\r\n        </body>\r\n        </html>\r\n        ','2026-04-16 02:33:57','failed','Email could not be sent. Error: SMTP Error: Could not authenticate.'),(74,'UREO-0003','test2@gmail.com','general','TAU-UREO Portal - Login OTP','\r\n        <html>\r\n        <body style=\'font-family: Arial, sans-serif;\'>\r\n            <h2>Login Verification</h2>\r\n            <p>Your One-Time Password (OTP) for accessing the TAU-UREO Portal:</p>\r\n            <div style=\'background: #f8f9fa; padding: 20px; text-align: center; border-radius: 8px; margin: 20px 0;\'>\r\n                <h1 style=\'color: #0d6efd; letter-spacing: 5px; margin: 0;\'>173611</h1>\r\n            </div>\r\n            <p>This OTP will expire in 10 minutes.</p>\r\n            <p>If you did not request this OTP, please ignore this email.</p>\r\n            <hr>\r\n            <p style=\'color: #6c757d; font-size: 12px;\'>\r\n                This is an automated email from TAU-UREO Portal. Please do not reply to this email.\r\n            </p>\r\n        </body>\r\n        </html>\r\n        ','2026-04-16 05:13:09','failed','Email could not be sent. Error: SMTP Error: Could not authenticate.'),(75,'UREO-0003','test2@gmail.com','general','TAU-UREO Portal - Login OTP','\r\n        <html>\r\n        <body style=\'font-family: Arial, sans-serif;\'>\r\n            <h2>Login Verification</h2>\r\n            <p>Your One-Time Password (OTP) for accessing the TAU-UREO Portal:</p>\r\n            <div style=\'background: #f8f9fa; padding: 20px; text-align: center; border-radius: 8px; margin: 20px 0;\'>\r\n                <h1 style=\'color: #0d6efd; letter-spacing: 5px; margin: 0;\'>142157</h1>\r\n            </div>\r\n            <p>This OTP will expire in 10 minutes.</p>\r\n            <p>If you did not request this OTP, please ignore this email.</p>\r\n            <hr>\r\n            <p style=\'color: #6c757d; font-size: 12px;\'>\r\n                This is an automated email from TAU-UREO Portal. Please do not reply to this email.\r\n            </p>\r\n        </body>\r\n        </html>\r\n        ','2026-04-16 08:14:37','failed','Email could not be sent. Error: SMTP Error: Could not connect to SMTP host.'),(76,'UREO-0001','test@gmail.com','general','TAU-UREO Portal - Login OTP','\r\n        <html>\r\n        <body style=\'font-family: Arial, sans-serif;\'>\r\n            <h2>Login Verification</h2>\r\n            <p>Your One-Time Password (OTP) for accessing the TAU-UREO Portal:</p>\r\n            <div style=\'background: #f8f9fa; padding: 20px; text-align: center; border-radius: 8px; margin: 20px 0;\'>\r\n                <h1 style=\'color: #0d6efd; letter-spacing: 5px; margin: 0;\'>708620</h1>\r\n            </div>\r\n            <p>This OTP will expire in 10 minutes.</p>\r\n            <p>If you did not request this OTP, please ignore this email.</p>\r\n            <hr>\r\n            <p style=\'color: #6c757d; font-size: 12px;\'>\r\n                This is an automated email from TAU-UREO Portal. Please do not reply to this email.\r\n            </p>\r\n        </body>\r\n        </html>\r\n        ','2026-04-18 04:33:36','failed','Email could not be sent. Error: SMTP Error: Could not authenticate.'),(77,'UREO-0003','test2@gmail.com','general','TAU-UREO Portal - Login OTP','\r\n        <html>\r\n        <body style=\'font-family: Arial, sans-serif;\'>\r\n            <h2>Login Verification</h2>\r\n            <p>Your One-Time Password (OTP) for accessing the TAU-UREO Portal:</p>\r\n            <div style=\'background: #f8f9fa; padding: 20px; text-align: center; border-radius: 8px; margin: 20px 0;\'>\r\n                <h1 style=\'color: #0d6efd; letter-spacing: 5px; margin: 0;\'>440666</h1>\r\n            </div>\r\n            <p>This OTP will expire in 10 minutes.</p>\r\n            <p>If you did not request this OTP, please ignore this email.</p>\r\n            <hr>\r\n            <p style=\'color: #6c757d; font-size: 12px;\'>\r\n                This is an automated email from TAU-UREO Portal. Please do not reply to this email.\r\n            </p>\r\n        </body>\r\n        </html>\r\n        ','2026-04-18 04:34:22','failed','Email could not be sent. Error: SMTP Error: Could not authenticate.'),(78,'UREO-0003','test2@gmail.com','general','TAU-UREO Portal - Login OTP','\r\n        <html>\r\n        <body style=\'font-family: Arial, sans-serif;\'>\r\n            <h2>Login Verification</h2>\r\n            <p>Your One-Time Password (OTP) for accessing the TAU-UREO Portal:</p>\r\n            <div style=\'background: #f8f9fa; padding: 20px; text-align: center; border-radius: 8px; margin: 20px 0;\'>\r\n                <h1 style=\'color: #0d6efd; letter-spacing: 5px; margin: 0;\'>780001</h1>\r\n            </div>\r\n            <p>This OTP will expire in 10 minutes.</p>\r\n            <p>If you did not request this OTP, please ignore this email.</p>\r\n            <hr>\r\n            <p style=\'color: #6c757d; font-size: 12px;\'>\r\n                This is an automated email from TAU-UREO Portal. Please do not reply to this email.\r\n            </p>\r\n        </body>\r\n        </html>\r\n        ','2026-04-19 23:49:11','failed','Email could not be sent. Error: SMTP Error: Could not authenticate.'),(79,'UREO-0003','test2@gmail.com','general','TAU-UREO Portal - Login OTP','\r\n        <html>\r\n        <body style=\'font-family: Arial, sans-serif;\'>\r\n            <h2>Login Verification</h2>\r\n            <p>Your One-Time Password (OTP) for accessing the TAU-UREO Portal:</p>\r\n            <div style=\'background: #f8f9fa; padding: 20px; text-align: center; border-radius: 8px; margin: 20px 0;\'>\r\n                <h1 style=\'color: #0d6efd; letter-spacing: 5px; margin: 0;\'>437847</h1>\r\n            </div>\r\n            <p>This OTP will expire in 10 minutes.</p>\r\n            <p>If you did not request this OTP, please ignore this email.</p>\r\n            <hr>\r\n            <p style=\'color: #6c757d; font-size: 12px;\'>\r\n                This is an automated email from TAU-UREO Portal. Please do not reply to this email.\r\n            </p>\r\n        </body>\r\n        </html>\r\n        ','2026-04-20 01:53:56','failed','Email could not be sent. Error: SMTP Error: Could not authenticate.'),(80,'UREO-0001','human.chair@tau.edu.ph','general','New Application for UREC Review - UREO-0001','Dear Human Use Chairperson,\n\nA new application has been forwarded to your UREC committee for ethical review.\n\nQueue Number: UREO-0001\nApplicant: test@gmail.com\nClassification: Human Use\nCommittee: HUMAN_USE\nForwarded by: TAU Ureo Staff\nForwarded on: 2026-04-21 22:20:19\n\nPlease log in to the UREC portal to assign an evaluator.\n\nBest regards,\nTAU-UREO Portal','2026-04-21 14:20:22','failed','Email could not be sent. Error: SMTP Error: Could not authenticate.'),(81,'UREO-0001','test@gmail.com','general','TAU-UREO Portal - Login OTP','\r\n        <html>\r\n        <body style=\'font-family: Arial, sans-serif;\'>\r\n            <h2>Login Verification</h2>\r\n            <p>Your One-Time Password (OTP) for accessing the TAU-UREO Portal:</p>\r\n            <div style=\'background: #f8f9fa; padding: 20px; text-align: center; border-radius: 8px; margin: 20px 0;\'>\r\n                <h1 style=\'color: #0d6efd; letter-spacing: 5px; margin: 0;\'>011175</h1>\r\n            </div>\r\n            <p>This OTP will expire in 10 minutes.</p>\r\n            <p>If you did not request this OTP, please ignore this email.</p>\r\n            <hr>\r\n            <p style=\'color: #6c757d; font-size: 12px;\'>\r\n                This is an automated email from TAU-UREO Portal. Please do not reply to this email.\r\n            </p>\r\n        </body>\r\n        </html>\r\n        ','2026-04-22 02:57:42','failed','Email could not be sent. Error: SMTP Error: Could not authenticate.'),(82,'UREO-0001','test@gmail.com','general','TAU-UREO Portal - Login OTP','\r\n        <html>\r\n        <body style=\'font-family: Arial, sans-serif;\'>\r\n            <h2>Login Verification</h2>\r\n            <p>Your One-Time Password (OTP) for accessing the TAU-UREO Portal:</p>\r\n            <div style=\'background: #f8f9fa; padding: 20px; text-align: center; border-radius: 8px; margin: 20px 0;\'>\r\n                <h1 style=\'color: #0d6efd; letter-spacing: 5px; margin: 0;\'>108485</h1>\r\n            </div>\r\n            <p>This OTP will expire in 10 minutes.</p>\r\n            <p>If you did not request this OTP, please ignore this email.</p>\r\n            <hr>\r\n            <p style=\'color: #6c757d; font-size: 12px;\'>\r\n                This is an automated email from TAU-UREO Portal. Please do not reply to this email.\r\n            </p>\r\n        </body>\r\n        </html>\r\n        ','2026-04-30 03:44:44','failed','Email could not be sent. Error: SMTP Error: Could not authenticate.'),(83,'UREO-0004','rsoriano@gmail.com','general','TAU-UREO Portal - Login OTP','\r\n        <html>\r\n        <body style=\'font-family: Arial, sans-serif;\'>\r\n            <h2>Login Verification</h2>\r\n            <p>Your One-Time Password (OTP) for accessing the TAU-UREO Portal:</p>\r\n            <div style=\'background: #f8f9fa; padding: 20px; text-align: center; border-radius: 8px; margin: 20px 0;\'>\r\n                <h1 style=\'color: #0d6efd; letter-spacing: 5px; margin: 0;\'>994107</h1>\r\n            </div>\r\n            <p>This OTP will expire in 10 minutes.</p>\r\n            <p>If you did not request this OTP, please ignore this email.</p>\r\n            <hr>\r\n            <p style=\'color: #6c757d; font-size: 12px;\'>\r\n                This is an automated email from TAU-UREO Portal. Please do not reply to this email.\r\n            </p>\r\n        </body>\r\n        </html>\r\n        ','2026-05-19 03:55:43','failed','Email could not be sent. Error: SMTP Error: Could not authenticate.'),(84,'UREO-0003','test2@gmail.com','general','TAU-UREO Portal - Login OTP','\r\n        <html>\r\n        <body style=\'font-family: Arial, sans-serif;\'>\r\n            <h2>Login Verification</h2>\r\n            <p>Your One-Time Password (OTP) for accessing the TAU-UREO Portal:</p>\r\n            <div style=\'background: #f8f9fa; padding: 20px; text-align: center; border-radius: 8px; margin: 20px 0;\'>\r\n                <h1 style=\'color: #0d6efd; letter-spacing: 5px; margin: 0;\'>070412</h1>\r\n            </div>\r\n            <p>This OTP will expire in 10 minutes.</p>\r\n            <p>If you did not request this OTP, please ignore this email.</p>\r\n            <hr>\r\n            <p style=\'color: #6c757d; font-size: 12px;\'>\r\n                This is an automated email from TAU-UREO Portal. Please do not reply to this email.\r\n            </p>\r\n        </body>\r\n        </html>\r\n        ','2026-05-26 01:47:22','failed','Email could not be sent. Error: SMTP Error: Could not authenticate.'),(85,'UREO-0004','rsoriano@gmail.com','general','TAU-UREO Portal - Login OTP','\r\n        <html>\r\n        <body style=\'font-family: Arial, sans-serif;\'>\r\n            <h2>Login Verification</h2>\r\n            <p>Your One-Time Password (OTP) for accessing the TAU-UREO Portal:</p>\r\n            <div style=\'background: #f8f9fa; padding: 20px; text-align: center; border-radius: 8px; margin: 20px 0;\'>\r\n                <h1 style=\'color: #0d6efd; letter-spacing: 5px; margin: 0;\'>292215</h1>\r\n            </div>\r\n            <p>This OTP will expire in 10 minutes.</p>\r\n            <p>If you did not request this OTP, please ignore this email.</p>\r\n            <hr>\r\n            <p style=\'color: #6c757d; font-size: 12px;\'>\r\n                This is an automated email from TAU-UREO Portal. Please do not reply to this email.\r\n            </p>\r\n        </body>\r\n        </html>\r\n        ','2026-06-10 14:24:53','failed','Email could not be sent. Error: SMTP Error: Could not authenticate.');
/*!40000 ALTER TABLE `email_logs` ENABLE KEYS */;

--
-- Table structure for table `email_templates`
--

DROP TABLE IF EXISTS `email_templates`;
/*!40101 SET @saved_cs_client     = @@character_set_client */;
/*!50503 SET character_set_client = utf8mb4 */;
CREATE TABLE `email_templates` (
  `template_id` int NOT NULL AUTO_INCREMENT,
  `template_code` varchar(50) NOT NULL,
  `template_name` varchar(100) NOT NULL,
  `subject` varchar(255) NOT NULL,
  `body` text NOT NULL,
  `description` text,
  `category` varchar(50) NOT NULL DEFAULT 'general',
  `placeholders` text COMMENT 'JSON array of available placeholders',
  `is_active` tinyint(1) DEFAULT '1',
  `created_at` timestamp NULL DEFAULT CURRENT_TIMESTAMP,
  `updated_at` timestamp NULL DEFAULT CURRENT_TIMESTAMP ON UPDATE CURRENT_TIMESTAMP,
  PRIMARY KEY (`template_id`),
  UNIQUE KEY `template_code` (`template_code`),
  KEY `idx_code` (`template_code`),
  KEY `idx_category` (`category`)
) ENGINE=InnoDB AUTO_INCREMENT=11 DEFAULT CHARSET=utf8mb4 COLLATE=utf8mb4_0900_ai_ci;
/*!40101 SET character_set_client = @saved_cs_client */;

--
-- Dumping data for table `email_templates`
--

/*!40000 ALTER TABLE `email_templates` DISABLE KEYS */;
INSERT INTO `email_templates` VALUES (1,'REPLY_INTENT','Reply to Letter of Intent','TAU-REO: Application Requirements','Greetings from TAU-REO!\r\n\r\nPlease read the general guidelines for research ethics review and evaluation. Then, kindly accomplish the following documents:\r\n\r\n✓ Application form TAU-REO-QF-01 (see attached file)\r\n✓ Research Ethics Review Category Form TAU-REO-QF-02 (see attached file)\r\n✓ CV of proponents\r\n✓ Research proposal/Thesis/Dissertation Outline\r\n\r\nSend the digital copy of the fully accomplished documents through this portal. As you upload the requirements, please ensure all forms are properly filled and signed. Thank you.\r\n\r\nPlease take note of the following:\r\n\r\n* Do not change the format and font style of the ISO registered forms\r\n* Please fill out the forms completely before uploading\r\n* Please be guided with our process cycle time (see the General Guidelines for more info). We process applications during working days only.\r\n\r\nBest regards,\r\nTAU-REO','Initial response to letter of intent submission','review_process','[\"{{applicant_name}}\", \"{{queue_number}}\"]',1,'2026-02-03 01:20:42','2026-02-09 05:33:04'),(2,'ACK_COMPLETE','Acknowledgment of Complete Submission','TAU-REO: Documents Received','<p>Greetings from TAU-REO!</p>\n\n<p>We acknowledge with appreciation the receipt of your complete documents. Your submission will now undergo evaluation to determine the appropriate Research Ethics Review Category.</p>\n\n<p>Kindly wait for further updates regarding the review process. Should you have any questions, feel free to reach out.</p>\n\n<p>Thank you.</p>\n\n<p>--Best regards,<br>\nTAU-REO</p>','Acknowledgment when all required documents are submitted','review_process','[\"{{applicant_name}}\", \"{{queue_number}}\"]',1,'2026-02-03 01:20:42','2026-02-03 01:20:42'),(3,'INCOMPLETE_DOCS','Incomplete Documents Notice','TAU-REO: Incomplete Submission','<p>Good day!</p>\n\n<p>We have reviewed your submission for ethics review, and we have identified missing/incomplete documents required for processing your application. Kindly provide the following documents at your earliest convenience:</p>\n\n<p>{{missing_documents}}</p>\n\n<p>Thank you very much.</p>\n\n<p>--Best regards,<br>\nTAU-REO</p>','Notification when documents are missing or incomplete','review_process','[\"{{applicant_name}}\", \"{{queue_number}}\", \"{{missing_documents}}\"]',1,'2026-02-03 01:20:42','2026-02-03 01:20:42'),(4,'MISSING_SIGNATURES','Missing Signatures Notice','TAU-REO: Missing Signatures','<p>Good day!</p>\n\n<p>We have reviewed your submission for ethics review and found that some required signatures are missing. To proceed with the review, kindly ensure that the following documents are duly signed:</p>\n\n<p>{{unsigned_documents}}</p>\n\n<p>Thank you very much.</p>\n\n<p>--Best regards,<br>\nTAU-REO</p>','Notification when required signatures are missing','review_process','[\"{{applicant_name}}\", \"{{queue_number}}\", \"{{unsigned_documents}}\"]',1,'2026-02-03 01:20:42','2026-02-03 01:20:42'),(5,'APPROVED','Application Approved','TAU-REO: Application Approved','<p>Dear {{applicant_name}},</p>\n\n<p>We are pleased to inform you that your research ethics application <strong>({{queue_number}})</strong> has been <strong>APPROVED</strong>.</p>\n\n<p>\n<strong>Category:</strong> {{category}}<br>\n<strong>Approval Date:</strong> {{approval_date}}\n</p>\n\n<p>You may now proceed with your research as outlined in your approved proposal. Please ensure that you adhere to all ethical guidelines and protocols throughout your study.</p>\n\n<p>Should you need any certificates or have any questions, please feel free to contact us.</p>\n\n<p><strong>Congratulations!</strong></p>\n\n<p>--Best regards,<br>\nTAU-REO</p>','Approval notification email','decision','[\"{{applicant_name}}\", \"{{queue_number}}\", \"{{category}}\", \"{{approval_date}}\"]',1,'2026-02-03 01:20:42','2026-02-03 01:20:42'),(6,'CONDITIONAL_APPROVAL','Conditional Approval','TAU-REO: Conditional Approval','<p>Dear {{applicant_name}},</p>\n\n<p>Your research ethics application <strong>({{queue_number}})</strong> has been given <strong>CONDITIONAL APPROVAL</strong>.</p>\n\n<p><strong>Category:</strong> {{category}}</p>\n\n<p>The following conditions must be addressed before final approval:</p>\n\n<p>{{conditions}}</p>\n\n<p>Please submit the required revisions at your earliest convenience. Once all conditions are satisfactorily met, final approval will be granted.</p>\n\n<p>--Best regards,<br>\nTAU-REO</p>','Conditional approval with required modifications','decision','[\"{{applicant_name}}\", \"{{queue_number}}\", \"{{category}}\", \"{{conditions}}\"]',1,'2026-02-03 01:20:42','2026-02-03 01:20:42'),(7,'REJECTED','Application Rejected','TAU-REO: Application Not Approved','<p>Dear {{applicant_name}},</p>\n\n<p>We regret to inform you that your research ethics application <strong>({{queue_number}})</strong> has <strong>NOT been approved</strong> at this time.</p>\n\n<p><strong>Reason:</strong></p>\n<p>{{rejection_reason}}</p>\n\n<p>You may resubmit your application after addressing the concerns raised. Should you need clarification or guidance, please feel free to contact our office.</p>\n\n<p>--Best regards,<br>\nTAU-REO</p>','Rejection notification email','decision','[\"{{applicant_name}}\", \"{{queue_number}}\", \"{{rejection_reason}}\"]',1,'2026-02-03 01:20:42','2026-02-03 01:20:42'),(8,'REVISIONS_NEEDED','Revisions Required','TAU-REO: Revisions Needed','<p>Dear {{applicant_name}},</p>\n\n<p>Thank you for your submission <strong>({{queue_number}})</strong>. After careful review, we require some revisions to your application before we can proceed with the evaluation.</p>\n\n<p><strong>Required revisions:</strong></p>\n<p>{{revisions_list}}</p>\n\n<p>Please resubmit your revised documents at your earliest convenience. If you have any questions about the required changes, please do not hesitate to contact us.</p>\n\n<p>--Best regards,<br>\nTAU-REO</p>','Request for revisions or clarifications','review_process','[\"{{applicant_name}}\", \"{{queue_number}}\", \"{{revisions_list}}\"]',1,'2026-02-03 01:20:42','2026-02-03 01:20:42'),(9,'CERTIFICATE_ISSUED','Certificate Issued','TAU-REO: Ethics Clearance Certificate','<p>Dear {{applicant_name}},</p>\n\n<p>Your <strong>Ethics Clearance Certificate</strong> has been issued for your approved research project.</p>\n\n<p>\n<strong>Certificate Number:</strong> {{certificate_number}}<br>\n<strong>Valid Until:</strong> {{valid_until}}<br>\n<strong>Queue Number:</strong> {{queue_number}}\n</p>\n\n<p>Please find the certificate attached to this email. Keep this certificate for your records and present it when required.</p>\n\n<p>--Best regards,<br>\nTAU-REO</p>','Certificate issuance notification','certificate','[\"{{applicant_name}}\", \"{{queue_number}}\", \"{{certificate_number}}\", \"{{valid_until}}\"]',1,'2026-02-03 01:20:42','2026-02-03 01:20:42'),(10,'GENERAL_UPDATE','General Update','TAU-REO: Application Update','<p>Dear {{applicant_name}},</p>\n\n<p>We would like to provide you with an update regarding your application <strong>({{queue_number}})</strong>.</p>\n\n<p>{{message_content}}</p>\n\n<p>If you have any questions or concerns, please feel free to reach out to us.</p>\n\n<p>--Best regards,<br>\nTAU-REO</p>','General purpose update template','general','[\"{{applicant_name}}\", \"{{queue_number}}\", \"{{message_content}}\"]',1,'2026-02-03 01:20:42','2026-02-03 01:20:42');
/*!40000 ALTER TABLE `email_templates` ENABLE KEYS */;

--
-- Table structure for table `fillable_forms`
--

DROP TABLE IF EXISTS `fillable_forms`;
/*!40101 SET @saved_cs_client     = @@character_set_client */;
/*!50503 SET character_set_client = utf8mb4 */;
CREATE TABLE `fillable_forms` (
  `form_id` int NOT NULL AUTO_INCREMENT,
  `queue_number` varchar(20) NOT NULL,
  `form_type` varchar(50) NOT NULL,
  `form_data` json DEFAULT NULL,
  `completed_at` timestamp NULL DEFAULT CURRENT_TIMESTAMP,
  `file_generated` tinyint(1) DEFAULT '1',
  `file_uploaded` tinyint(1) DEFAULT '0',
  `signature_data` text,
  `signature_encrypted` tinyint(1) DEFAULT '0',
  `document_generated` tinyint(1) DEFAULT '0',
  `last_generated_at` timestamp NULL DEFAULT NULL,
  PRIMARY KEY (`form_id`),
  UNIQUE KEY `unique_form` (`queue_number`,`form_type`),
  KEY `idx_queue` (`queue_number`),
  CONSTRAINT `fillable_forms_ibfk_1` FOREIGN KEY (`queue_number`) REFERENCES `applications` (`queue_number`) ON DELETE CASCADE
) ENGINE=InnoDB AUTO_INCREMENT=32 DEFAULT CHARSET=utf8mb4 COLLATE=utf8mb4_0900_ai_ci;
/*!40101 SET character_set_client = @saved_cs_client */;

--
-- Dumping data for table `fillable_forms`
--

/*!40000 ALTER TABLE `fillable_forms` DISABLE KEYS */;
INSERT INTO `fillable_forms` VALUES (5,'UREO-0001','qf02','{\"title\": \"AGRICULTURAL INFORMATION ACCESS AND COMMUNICATION CHALLENGES OF BRGY. GOSSOOD FARMERS: BASIS FOR DEVELOPING EFFECTIVE IEC MATERIAL\", \"crit_3_no\": \"on\", \"crit_6_no\": \"on\", \"crit_7_no\": \"on\", \"crit_8_no\": \"on\", \"crit_9_no\": \"on\", \"crit_10_no\": \"on\", \"crit_11_no\": \"on\", \"crit_12_no\": \"on\", \"crit_13_no\": \"on\", \"crit_16_no\": \"on\", \"crit_18_no\": \"on\", \"crit_19_no\": \"on\", \"crit_1_yes\": \"on\", \"crit_20_no\": \"on\", \"crit_2_yes\": \"on\", \"crit_4_yes\": \"on\", \"crit_5_yes\": \"on\", \"crit_14_yes\": \"on\", \"crit_15_yes\": \"on\", \"crit_17_yes\": \"on\", \"date_filled\": \"2025-02-25\", \"date_signed\": \"2025-02-24\", \"adviser_name\": \"Nelmar A. Mallari, LPT, MDC\", \"participants\": \"\", \"crit_1_remarks\": \"\", \"crit_2_remarks\": \"\", \"crit_3_remarks\": \"\", \"crit_4_remarks\": \"\", \"crit_5_remarks\": [{\"role\": \"staff\", \"text\": \"The study involves an interview which require informed consent.\", \"timestamp\": \"Legacy\"}, {\"role\": \"staff\", \"text\": \"The study involves an interview which require informed consent.\", \"user_id\": 2, \"timestamp\": \"2026-04-21 08:29:38\"}], \"crit_6_remarks\": \"\", \"crit_7_remarks\": \"\", \"crit_8_remarks\": \"\", \"crit_9_remarks\": \"\", \"proponent_name\": \"Christian H. Gabriel\", \"crit_10_remarks\": \"\", \"crit_11_remarks\": \"\", \"crit_12_remarks\": \"\", \"crit_13_remarks\": \"\", \"crit_14_remarks\": [{\"role\": \"staff\", \"text\": \"Involvement of microorganisms was not specified\", \"timestamp\": \"Legacy\"}, {\"role\": \"staff\", \"text\": \"Involvement of microorganisms was not specified\", \"user_id\": 2, \"timestamp\": \"2026-04-21 08:29:38\"}], \"crit_15_remarks\": \"\", \"crit_16_remarks\": \"\", \"crit_17_remarks\": [{\"role\": \"staff\", \"text\": \"The study does not involve digital tools for data collection and storage.\", \"timestamp\": \"Legacy\"}, {\"role\": \"staff\", \"text\": \"The study does not involve digital tools for data collection and storage.\", \"user_id\": 2, \"timestamp\": \"2026-04-21 08:29:38\"}], \"crit_18_remarks\": \"\", \"crit_19_remarks\": \"\", \"crit_20_remarks\": \"\"}','2026-04-21 00:29:38',1,0,NULL,0,0,NULL),(6,'UREO-0001','qf01','{\"email\": \"gc_hida2021@tau.edu.ph\", \"phone\": \"09383797173\", \"it_use\": \"☐\", \"funding\": \"N/A\", \"members\": \"Allen John Agcang\\r\\nCharles Ramiento\", \"duration\": \"Second semester A.Y. 2024-2025\", \"end_date\": \"2025-04-22\", \"location\": \"This study will be conducted in Brgy. Gossood, a rural community in Mayantoc, Tarlac. Located in a mountainous and highland area.\", \"food_tech\": \"☐\", \"human_use\": \"☑\", \"plant_use\": \"☐\", \"review_no\": \"☑\", \"department\": \"College of Arts and Sciences\", \"human_role\": \"In order to initiate an interview with the target community, once the researchers will be secure  to obtain the approval of the college dean through a letter. The letter is approved, the researchers will present the letter to the authority of the chairman of the barangay. For a step for the conduct and endorsement from the approval of the chairman the researchers will coordinate with the participants and build connections to agree on the convenient schedule for an interview. \\r\\nEthical considerations are a cornerstone of this study to ensure the protection and respect of all participants involved. Informed consent will be obtained from each participant, ensuring they are fully aware of the study purpose, their rights, and the voluntary nature of their participation. Prior to engaging in surveys, and interviews, participants will be provided with clear and comprehensive information about the research. Confidentiality will be strictly maintained throughout the process; all personal identifiers will be anonymized, and participants\' responses will be stored securely to prevent unauthorized access. Furthermore, participants will be assured that their involvement is voluntary, and they have the right to withdraw from the study at any point without any adverse consequences. These ethical guidelines are essential for maintaining the integrity of the research and protecting the welfare of the participants.\\r\\nIn the administered data gathering procedure, the semi constructed interview will take place in the homes of the selected participants. This choice of the venue of the researchers to ensure the comfort of the involved participants in their environment. In the conduct of the interview the participants are highly encouraged to share their experience and knowledge of practices using the given prepared questions.  These open ended questions covered the various facets of their practices, knowledge, coping strategies and their perceptions regarding the factors of communication approach in the capabilities of farmers to their community. To stabilize the accuracy and the comprehensiveness of the collecting data. This process is crucial for later analysis, the approach stands a chance and ultimately makes the study results more reliable. In essence, The approach goes beyond data collection and it is a dialogue, a shared exploration, and a commitment to understanding the human story behind the answers and by the weaving of voices, experiences, and wisdom of the participants into the fabric of the research, the study aspires to create outcomes that can utilize to create solution that are not only reliable but also deeply relevant, actionable, and rooted in the community’s lived realities. \", \"review_yes\": \"☐\", \"start_date\": \"2024-09-01\", \"attached_cv\": \"☑\", \"date_filled\": \"2025-02-24\", \"date_signed\": \"2025-02-24\", \"engineering\": \"☐\", \"adviser_name\": \"Nelmar A. Mallari, LPT, MDC\", \"exec_summary\": \"This research is driven by the need to understand the socio-economic and environmental conditions of these farmers in depth. By investigating their experiences with key agricultural challenges, this study aims to generate insights that can directly inform the creation of communication materials tailored to the unique needs of Brgy. Gossood farmers. Effective communication plays a crucial role in bridging the gap between farmers and relevant support systems, including government agencies, agricultural cooperatives, and technology providers. Hence, this study aims to not only explore the existing challenges but also identify appropriate channels and formats for delivering useful farming information. Understanding the context of the locality and the farming challenges faced will allow for the development of communication materials that are both relevant and accessible to the farmers. \", \"microbio_use\": \"☐\", \"adviser_email\": \"\", \"justification\": \"This study will adopt a descriptive mixed-method research design, combining quantitative and qualitative approaches. Through this research design, the researchers will analyze the resources, perceptions, challenges and effects in order to ensure the comprehensive understanding of the issue at hand in providing effective communication strategy for agricultural information dissemination. It involves philosophical assumptions, and the mixing of qualitative and quantitative approaches in tandem so that the overall strength of a study is greater than either qualitative or quantitative methods (Creswell, 2007). The descriptive design will help analyze the sources, perceptions, challenges, and effects of agricultural information dissemination, while the mixed-methods approach will ensure a comprehensive understanding of the communication needs of Brgy. Gossood farmers. Additionally, the mixed method approach ensures to elaborate comprehensive and effective IEC materials that are specially tailored concerning the Mayantoc farmers. The study will collect detailed information through accessing, understanding and applying agricultural information to deep seek and highlight the decision making in their agricultural practices in touch of traditional and modern farming practices in Brgy. Gossood. Moreover, to categorize and identify the communication materials that can be effectively used as strategy within addressing the gaps in disseminating agricultural information and valuable government information in Brgy. Gossood farmers.\", \"pilot_or_part\": \"\", \"project_title\": \"AGRICULTURAL INFORMATION ACCESS AND COMMUNICATION CHALLENGES OF BRGY. GOSSOOD FARMERS: BASIS FOR DEVELOPING EFFECTIVE IEC MATERIAL\", \"review_status\": \"Not yet\", \"animal_welfare\": \"☐\", \"principal_name\": \"Christian Gabriel\", \"requestor_name\": \"CHRISTIAN H. GABRIEL\", \"attached_outline\": \"☑\", \"problem_objectives\": \"This study aims to explore the accessibility-capability of Brgy. Gossood, Mayantoc farmers to agricultural information as well as to the challenges they face as a basis for creating effective information, education, communication (IEC) materials. Specifically, it seeks to address the following questions:\\r\\n\\r\\n1. What are the primary sources of agricultural information accessed by farmers in Brgy. Gossood?\\r\\n2. How do farmers perceive the effectiveness of existing agricultural communication strategies in Brgy. Gossood in terms of:\\r\\nAccessibility; and\\r\\ndissemination?\\r\\n3. What challenges do Brgy. Gossood farmers face in terms of:\\r\\naccessing;\\r\\nunderstanding; and\\r\\napplying agricultural information?\\r\\n4. What extent does the dissemination of agri info influence the farmers in terms of their:\\r\\n decision-making in farm practices\\r\\n access to government support systems\\r\\n5. What type of communication material can be developed to address the identified gaps in agricultural information dissemination?\", \"attached_other_forms\": \"☐\", \"attached_consent_form\": \"☑\", \"attached_category_form\": \"☑\", \"data_collection_analysis\": \"\"}','2026-02-16 01:43:43',1,0,NULL,0,0,NULL),(10,'UREO-0002','qf02','{\"title\": \"DETECTION OF HEARTWORM (Dirofilaria immitis) IN DOGS USING RAPID IMMUNOCHROMATOGRAPHIC ASSAY (CHW Ag) AT BARANGAY SAPANG MARAGUL, TARLAC CITY\", \"crit_2_no\": \"on\", \"crit_3_no\": \"on\", \"crit_4_no\": \"on\", \"crit_8_no\": \"on\", \"crit_10_no\": \"on\", \"crit_11_no\": \"on\", \"crit_12_no\": \"on\", \"crit_13_no\": \"on\", \"crit_14_no\": \"on\", \"crit_15_no\": \"on\", \"crit_16_no\": \"on\", \"crit_17_no\": \"on\", \"crit_18_no\": \"on\", \"crit_19_no\": \"on\", \"crit_1_yes\": \"on\", \"crit_20_no\": \"on\", \"crit_5_yes\": \"on\", \"crit_6_yes\": \"on\", \"crit_7_yes\": \"on\", \"crit_9_yes\": \"on\", \"date_filled\": \"2025-03-03\", \"date_signed\": \"2025-03-03\", \"adviser_name\": \"ANNALIE B. PARAGAS, DVM, MSAH\", \"participants\": \"DOGS AND DOG OWNERS\", \"proponent_name\": \"PRINCESS T. CABENTA\"}','2026-02-16 03:42:57',1,0,NULL,0,0,NULL),(11,'UREO-0002','qf01','{\"email\": \"ptcabenta@tau.edu.ph\", \"phone\": \"09947638158\", \"it_use\": \"☐\", \"funding\": \"N/A\", \"members\": \"\", \"duration\": \"2 Months\", \"end_date\": \"2025-06-19\", \"location\": \"This study will be conducted in Barangay Sapang Maragul, Tarlac City, which consists of seven sitios: Bagong Barrio Resettlement, Bagong Diwa, Bungil, Carague, Centro, Kumintang, and Samberga. The area\'s geography, including creeks, seasonal flooding, and stagnant water, provides an ideal breeding ground for mosquitoes, increasing the risk of heartworm transmission in dogs.\", \"food_tech\": \"☐\", \"human_use\": \"☐\", \"plant_use\": \"☐\", \"review_no\": \"☑\", \"department\": \"TARLAC AGRICULTURAL UNIVERSITY - COLLEGE OF VETERINARY MEDICINE\", \"human_role\": \"The subjects of this study will be dogs residing in the selected sitios of Barangay Sapang Maragul. These dogs will be tested for Dirofilaria immitis using a rapid immunochromatographic assay (CHW Ag). Dog owners will also participate by providing relevant information about their pets and management practices through surveys.\", \"review_yes\": \"☐\", \"start_date\": \"2025-04-01\", \"attached_cv\": \"☑\", \"date_filled\": \"2025-03-03\", \"date_signed\": \"2025-03-03\", \"engineering\": \"☐\", \"adviser_name\": \"ANNALIE B. PARAGAS\", \"exec_summary\": \"Heartworm disease (Dirofilaria immitis) is a serious and potentially fatal condition in dogs, primarily transmitted through mosquito bites. It affects the heart, lungs, and blood vessels, leading to severe complications if left untreated. The disease is prevalent in areas with high mosquito populations, and its spread is influenced by environmental factors such as temperature and humidity. Despite the availability of preventive measures, many pet owners remain unaware of the risks and the importance of early detection.\\r\\n\\r\\nThis study is necessary to assess the prevalence of heartworm in dogs in the sitios of Barangay Sapang Maragul, Tarlac City. By using a rapid immunochromatographic assay (CHW Ag), the research aims to provide baseline data on the presence of heartworm in the area. Identifying risk factors and evaluating management practices among dog owners will help develop targeted interventions for disease prevention.  \\r\\n\\r\\nThe findings of this study will contribute to veterinary health by raising awareness among pet owners and veterinarians in implementing effective prevention and control measures. By improving early detection and responsible pet care, this research seeks to reduce the prevalence of heartworm disease and promote better animal health and welfare in the community.\", \"microbio_use\": \"☐\", \"adviser_email\": \"\", \"justification\": \"Detection of Heartworm (Dirofilaria immitis) in dogs\", \"pilot_or_part\": \"Whether the study to be reviewed is a pilot study or a continuation of previous completed study or part of a larger study/project. If it is part of a larger project, describe briefly the rationale and objectives of the whole project.\", \"project_title\": \"DETECTION OF HEARTWORM (Dirofilaria immitis) IN DOGS USING RAPID IMMUNOCHROMATOGRAPHIC ASSAY (CHW Ag) AT BARANGAY SAPANG MARAGUL, TARLAC CITY\", \"review_status\": \"\", \"animal_welfare\": \"☑\", \"principal_name\": \"PRINCESS T. CABENTA\", \"requestor_name\": \"PRINCESS T. CABENTA\", \"attached_outline\": \"☑\", \"problem_objectives\": \"This study aims to assess the prevalence of heartworm in selected dogs in the sitios of Sapang Maragul using a rapid immunochromatographic assay (CHW Ag). Specifically, it seeks to determine the signalment of dogs and owners\' management practices in Barangay Sapang Maragul, Tarlac City, Tarlac; detect heartworm infestation in dogs using a one-way test kit in the sitios of Barangay Sapang Maragul, Tarlac City, Tarlac; assess the occurrence of canine heartworm in the area; determine the possible risk factors that contribute to heartworm infection in dogs; and create awareness campaign materials/IEC on the prevalence of heartworm.\", \"attached_other_forms\": \"☐\", \"attached_consent_form\": \"☐\", \"attached_category_form\": \"☑\", \"data_collection_analysis\": \"Blood samples will be collected from selected dogs in the morning (5:00–7:00 AM) or late in the afternoon (5:00–7:00 PM). Dogs will be restrained, muzzled if necessary, and the cephalic vein will be disinfected before drawing 1 mL of blood using a 3 mL syringe. The site will be pressed with a cotton ball and secured with micropore tape. Samples will be stored in labeled EDTA tubes, placed in an ice box with ice gel, and transported to the Central Laboratory of the College of Veterinary Medicine, Tarlac Agricultural University, for antigen testing using VET Diagnostix Rapid Test Kits.\\r\\nThe study will collect data on the dog population, profiles, owner management practices, and heartworm test results. A questionnaire will be used for additional information. Data will be analyzed using descriptive statistics (mean, frequency, percentage) and correlated with the dogs’ demographics and history.\"}','2026-02-16 03:54:09',1,0,NULL,0,0,NULL),(23,'UREO-0001','category_token','{\"token\": \"f92044410d61b2a0772949e7d19f53c2\", \"category\": \"human\", \"expires_at\": \"2026-04-14 15:52:44\", \"review_type\": \"expedited\"}','2026-04-07 07:52:44',1,0,NULL,0,0,NULL),(24,'UREO-0001','category_checklist','{\"h_end\": \"2025-04-22\", \"h_email\": \"gc_hida2021@tau.edu.ph\", \"h_phone\": \"09383797173\", \"h_start\": \"2024-09-01\", \"h_title\": \"AGRICULTURAL INFORMATION ACCESS AND COMMUNICATION CHALLENGES OF BRGY. GOSSOOD FARMERS: BASIS FOR DEVELOPING EFFECTIVE IEC MATERIAL\", \"h_course\": \"\", \"h_adviser\": \"Nelmar A. Mallari, LPT, MDC\", \"h_members\": \"Allen John Agcang\\r\\nCharles Ramiento\", \"h_objective\": \"test\", \"h_principal\": \"Christian Gabriel\", \"h_sign_name\": \"Christian Gabriel\", \"queue_number\": \"UREO-0001\", \"submitted_at\": \"2026-04-08 14:59:27\", \"h_affiliation\": \"College of Arts and Sciences\", \"h_date_filled\": \"\", \"h_date_signed\": \"\", \"classification\": \"human\", \"h_adviser_email\": \"\", \"h_adviser_phone\": \"\", \"h_adviser_sign_name\": \"Nelmar A. Mallari, LPT, MDC\", \"h_adviser_affiliation\": \"\"}','2026-04-08 06:59:27',1,0,NULL,0,0,NULL),(27,'UREO-0003','qf02','{\"title\": \"Adaptive Capacity Of Different Varieties and Establishment Methods As Means Of Tecnological Adaptation To Rainfed Rice Production In Camiling, Tarlac\", \"crit_2_no\": \"on\", \"crit_4_no\": \"on\", \"crit_6_no\": \"on\", \"crit_7_no\": \"on\", \"crit_8_no\": \"on\", \"crit_9_no\": \"on\", \"crit_12_no\": \"on\", \"crit_13_no\": \"on\", \"crit_14_no\": \"on\", \"crit_16_no\": \"on\", \"crit_18_no\": \"on\", \"crit_19_no\": \"on\", \"crit_1_yes\": \"on\", \"crit_20_no\": \"on\", \"crit_3_yes\": \"on\", \"crit_5_yes\": \"on\", \"crit_10_yes\": \"on\", \"crit_11_yes\": \"on\", \"crit_15_yes\": \"on\", \"crit_17_yes\": \"on\", \"date_filled\": \"2025-02-24\", \"date_signed\": \"2025-03-02\", \"adviser_name\": \"Joyce Anne O. Manuel\", \"participants\": \"Rainfed Farmers, Different Rice Varieties\", \"proponent_name\": \"Desiree Joi D. Duque\"}','2026-04-16 07:10:16',0,0,NULL,0,0,NULL),(28,'UREO-0004','qf02','{\"title\": \"Test\", \"crit_5_no\": \"on\", \"crit_1_yes\": \"on\", \"crit_2_yes\": \"on\", \"crit_4_yes\": \"on\", \"date_filled\": \"2026-05-19\", \"date_signed\": \"2026-05-19\", \"adviser_name\": \"Noel J. Petero, Ph.D.\", \"participants\": \"\", \"proponent_name\": \"Robertlyn Geil Soriano\"}','2026-05-19 03:57:21',0,0,NULL,0,0,NULL),(29,'UREO-0003','qf01','{\"email\": \"example@gmail.com\", \"phone\": \"09123456789\", \"it_use\": \"☐\", \"funding\": \"N/A\", \"members\": \"Regine G. Batin, Desiree Joi D. Duque, Jhanny D. Tejada, Jhon Carlo G. Valdez\", \"duration\": \"7 months\", \"end_date\": \"2026-10-26\", \"location\": \"The study will be conducted in Caniag, Camiling, Tarlac.\", \"food_tech\": \"☐\", \"human_use\": \"☑\", \"plant_use\": \"☑\", \"review_no\": \"☑\", \"department\": \"College of Agriculture and Forestry\", \"human_role\": \"Rainfed Farmers – the rainfed farmers will give us information about what are the rice varieties they plant in their field, what are the establishment methods they use in farming, the equipment and implements they used in land preparation and their cost and return analysis.\\r\\nPlants – the different varieties of rice are used to evaluate their adaptability on different establishment methods that can influence their productivity.\", \"review_yes\": \"☐\", \"start_date\": \"2026-03-26\", \"attached_cv\": \"☑\", \"date_filled\": \"2026-05-26\", \"date_signed\": \"2026-05-26\", \"engineering\": \"☐\", \"adviser_name\": \"JOYCE ANNE O. MANUEL\", \"exec_summary\": \"Rice (Oryza sativa L.) is the major food of about half of the world’s population, mostly in Asia (MacLean et al., 2002). Estimated about 90% of the world’s rice are produced and consumed in Asia. Water is vital in food security. The availability of water resources and quality greatly affect agricultural land use (Luyun, 2015). Rainfall is an important water resource, but it is unpredictable (NWRB-PNRI 2012). The challenge of climate change combined with a decrease in rainfall there can be severe water stress that causes significant yield reduction (Luyun, 2015). Eighty percent of the world is practiced in rainfed agriculture and it contributes 62% of the world’s staple food (Rockstrom et al., 2007; FAOSTAT, 2011). The common practice on rice cultivation in Southeast Asia is conventional transplanting, therefore this type of establishing method need high water inputs (Sangeetha & Baskar, 2015). Adoption of different water-saving technologies that requires less irrigation input while enhancing production is possible. In dry seeding, the amount of water needed for rice establishment can be reduced (Cabangon et al., 2015). A dry-seeded crop production gives a high return at lower costs (Rahman, 2016). Also, to increase yields and improve productivity especially in rainfed area, we can use flexible, high-yielding varieties (Rahman & Connor,\\r\\n2022) that will go a long way in guaranteeing the nation’s food security. Adopting other varieties and\\r\\ndifferent establishment method that can be used to mitigate the effect of the different climate conditions is important in rainfed areas. This study aims to evaluate the adaptive capacity of different varieties and\\r\\nestablishment methods as means of technological adaptation to rainfed rice production in Camiling, Tarlac,\\r\\nwhere water scarcity due to the effect of climate change is one of the key problems in the area.\", \"microbio_use\": \"☐\", \"adviser_email\": \"example1@gmail.com\", \"justification\": \"Water is vital in food security. The availability of water resources and quality greatly affect agricultural land use (Luyun, 2015). Rainfall is an important water resource, but it is unpredictable (NWRB-PNRI 2012). The challenge of climate change combined with a decrease in rainfall there can be severe water stress that causes significant yield reduction (Luyun, 2015). Eighty percent of the world is practiced in rainfed agriculture and it contributes 62% of the world’s staple food (Rockstrom et al., 2007; FAOSTAT, 2011). Adoption of different water-saving technologies that requires less irrigation input while enhancing production is possible. Adopting other varieties and different establishment method that can be used to mitigate the effect of the different climate conditions is important in rainfed areas. This study aims to evaluate the adaptive capacity of different varieties and establishment methods as means of technological adaptation to rainfed rice production in Camiling, Tarlac, where water scarcity due to the effect of climate change is one of the key problems in the area.\", \"pilot_or_part\": \"\", \"project_title\": \"Adaptive Capacity Of Different Varieties and Establishment Methods As Means Of Tecnological Adaptation To Rainfed Rice Production In Camiling, Tarlac\", \"review_status\": \"\", \"animal_welfare\": \"☐\", \"principal_name\": \"Desiree Joi D. Duque\", \"requestor_name\": \"Desiree Joi D. Duque\", \"attached_outline\": \"☑\", \"problem_objectives\": \"The study generally aims to evaluate the adaptive capacity of different varieties and establishment\\r\\nmethods as a means of technological adaptation to rainfed rice production in Camiling, Tarlac.\\r\\nSpecifically, Study 1 aims to:\\r\\n1. Identify the rice establishment methods commonly practiced by farmers in rainfed areas in\\r\\nCamiling, Tarlac.\\r\\n2. Identify the most common varieties used by the farmers in rainfed areas in Camiling, Tarlac.\\r\\n3. Assess the profitability of producing rice under rainfed conditions using different varieties and rice\\r\\nestablishment methods.\\r\\nWhile Study 2 specifically aims to:\\r\\n1. Evaluate the growth and yield performance of different varieties under rainfed conditions in\\r\\nCamiling, Tarlac.\\r\\n2. Evaluate the effect of different rice establishment methods on the growth and yield of rice under\\r\\nrainfed condition.\\r\\n3. Evaluate the adaptive capacity of different varieties and rice establishment methods as a means of\\r\\ntechnological adaptation to rainfed rice (Oryza sativa L.) production in Camiling, Tarlac.\\r\\n4. Assess the profitability of producing rice under rainfed conditions using different varieties and rice\\r\\nestablishment methods.\", \"attached_other_forms\": \"☐\", \"attached_consent_form\": \"☐\", \"attached_category_form\": \"☑\", \"data_collection_analysis\": \"For study 1, the researchers will send a communication letter to the Municipal Mayor of Camiling, office of the Municipal Agriculture, and three (3) Barangay Captains of Bilad, Caniag, and Carael. Moreover, a courtesy call will be conducted with the above-mentioned officials to inform them about the data gathering activities in their municipalities. Data will be collected, summarized, and tabulated, using frequency distribution. Data on corresponding percentages will be graphical representations.\\r\\n- For study 2, The data to be gathered are as follows:\\r\\n1. Plant Height at Maturity (cm)\\r\\n2. Panicle Length at Maturity (cm)\\r\\n3. Number of Productive Tillers\\r\\n4. Number of Non- Productive Tillers\\r\\n5. Number of Filled Grains per Panicle\\r\\n6. Number of Unfilled Grains per Panicle\\r\\n7. Number of Grains per Panicle\\r\\n8. Weight of 1000 Grains Corrected at 14% MC\\r\\n9. Yield per Plot\\r\\n10. Computed Grain Yield per Hectare (ton/ha)\\r\\nData will be analyzed using the open-source software Statistical Tool for Agricultural Research (STAR) ver. 2.0 (IRRI, 2022) using Analysis of Variance (ANOVA) in Split Plot-Randomized Complete Block Design (RCBD). Treatment means having significant or highly significant results will be compared using the Least Significant Difference (LSD) Test.\"}','2026-05-26 02:07:24',1,0,NULL,0,0,NULL),(30,'UREO-0003','category_checklist','{\"p2_no\": \"on\", \"p3_no\": \"on\", \"p4_no\": \"on\", \"p5_no\": \"on\", \"p6_no\": \"on\", \"p7_no\": \"on\", \"p8_no\": \"on\", \"p9_no\": \"on\", \"p_end\": \"2026-10-26\", \"p10_no\": \"on\", \"p11_no\": \"on\", \"p12_no\": \"on\", \"p13_no\": \"on\", \"p14_no\": \"on\", \"p15_no\": \"on\", \"p16_no\": \"on\", \"p17_no\": \"on\", \"p18_no\": \"on\", \"p19_no\": \"on\", \"p1_yes\": \"on\", \"p20_no\": \"on\", \"p21_no\": \"on\", \"p22_no\": \"on\", \"p23_no\": \"on\", \"p24_no\": \"on\", \"p25_no\": \"on\", \"p26_no\": \"on\", \"p27_no\": \"on\", \"p28_no\": \"on\", \"p29_no\": \"on\", \"p30_no\": \"on\", \"p31_no\": \"on\", \"p32_no\": \"on\", \"p33_no\": \"on\", \"p34_no\": \"on\", \"p35_no\": \"on\", \"p8_ifno\": \"\", \"p_email\": \"example@gmail.com\", \"p_phone\": \"09123456789\", \"p_start\": \"2026-03-26\", \"p_title\": \"Adaptive Capacity Of Different Varieties and Establishment Methods As Means Of Tecnological Adaptation To Rainfed Rice Production In Camiling, Tarlac\", \"p11_ifno\": \"\", \"p21_ifno\": \"\", \"p24_ifno\": \"\", \"p2_ifyes\": \"\", \"p_course\": \"\", \"p_origin\": \"Native – indigenous plants, adapted to local soils and climate\", \"p_reason\": \"111\", \"p_source\": \"111\", \"p18_ifyes\": \"\", \"p19_ifyes\": \"\", \"p20_ifyes\": \"\", \"p25_ifyes\": \"\", \"p29_ifyes\": \"\", \"p30_ifyes\": \"\", \"p35_ifyes\": \"\", \"p_adviser\": \"JOYCE ANNE O. MANUEL\", \"p_members\": \"Regine G. Batin, Desiree Joi D. Duque, Jhanny D. Tejada, Jhon Carlo G. Valdez\", \"p_species\": \"`11\", \"p_duration\": \"\", \"p_common_en\": \"111\", \"p_objective\": \"\", \"p_principal\": \"Desiree Joi D. Duque\", \"p_background\": \"111\", \"p_toxic_docs\": \"111\", \"queue_number\": \"UREO-0003\", \"submitted_at\": \"2026-05-26 10:14:30\", \"p_affiliation\": \"College of Agriculture and Forestry\", \"p_methodology\": \"111\", \"p_non_lc_docs\": \"111\", \"classification\": \"plant\", \"p_common_local\": \"111\", \"p_conservation\": \"NT – Near Threatened\", \"p_adviser_email\": \"example1@gmail.com\", \"p_adviser_phone\": \"09123456789\", \"p_invasive_docs\": \"111\", \"p_scientific_name\": \"111\", \"p_biodiversity_docs\": \"111\", \"p_adviser_affiliation\": \"Tarlac Agricultural University\"}','2026-05-26 02:14:30',1,0,NULL,0,0,NULL),(31,'UREO-0004','qf01','{\"email\": \"\", \"phone\": \"\", \"it_use\": \"☐\", \"funding\": \"\", \"members\": \"\", \"duration\": \"6 months\", \"end_date\": \"2026-06-10\", \"location\": \"\", \"food_tech\": \"☐\", \"human_use\": \"☑\", \"plant_use\": \"☐\", \"review_no\": \"☐\", \"department\": \"\", \"human_role\": \"\", \"review_yes\": \"☐\", \"start_date\": \"2026-01-01\", \"attached_cv\": \"☐\", \"date_filled\": \"\", \"date_signed\": \"\", \"engineering\": \"☐\", \"adviser_name\": \"\", \"exec_summary\": \"\", \"microbio_use\": \"☐\", \"adviser_email\": \"\", \"justification\": \"\", \"pilot_or_part\": \"\", \"project_title\": \"Test\", \"review_status\": \"\", \"animal_welfare\": \"☐\", \"principal_name\": \"Robertlyn Geil Soriano\", \"requestor_name\": \"\", \"attached_outline\": \"☐\", \"problem_objectives\": \"\", \"attached_other_forms\": \"☐\", \"attached_consent_form\": \"☐\", \"attached_category_form\": \"☐\", \"data_collection_analysis\": \"\"}','2026-06-10 14:27:00',1,0,NULL,0,0,NULL);
/*!40000 ALTER TABLE `fillable_forms` ENABLE KEYS */;

--
-- Table structure for table `messages`
--

DROP TABLE IF EXISTS `messages`;
/*!40101 SET @saved_cs_client     = @@character_set_client */;
/*!50503 SET character_set_client = utf8mb4 */;
CREATE TABLE `messages` (
  `message_id` int NOT NULL AUTO_INCREMENT,
  `queue_number` varchar(20) NOT NULL,
  `sender_type` enum('applicant','staff','system') NOT NULL,
  `sender_id` int DEFAULT NULL,
  `message_content` text NOT NULL,
  `attachment_path` varchar(500) DEFAULT NULL,
  `sent_at` timestamp NULL DEFAULT CURRENT_TIMESTAMP,
  `read_status` tinyint(1) DEFAULT '0',
  `read_at` timestamp NULL DEFAULT NULL,
  `read_by` int DEFAULT NULL,
  PRIMARY KEY (`message_id`),
  KEY `sender_id` (`sender_id`),
  KEY `read_by` (`read_by`),
  KEY `idx_queue` (`queue_number`),
  KEY `idx_read` (`read_status`),
  CONSTRAINT `messages_ibfk_1` FOREIGN KEY (`queue_number`) REFERENCES `applications` (`queue_number`) ON DELETE CASCADE,
  CONSTRAINT `messages_ibfk_2` FOREIGN KEY (`sender_id`) REFERENCES `users` (`user_id`) ON DELETE SET NULL,
  CONSTRAINT `messages_ibfk_3` FOREIGN KEY (`read_by`) REFERENCES `users` (`user_id`) ON DELETE SET NULL
) ENGINE=InnoDB AUTO_INCREMENT=7 DEFAULT CHARSET=utf8mb4 COLLATE=utf8mb4_0900_ai_ci;
/*!40101 SET character_set_client = @saved_cs_client */;

--
-- Dumping data for table `messages`
--

/*!40000 ALTER TABLE `messages` DISABLE KEYS */;
/*!40000 ALTER TABLE `messages` ENABLE KEYS */;

--
-- Table structure for table `otp_sessions`
--

DROP TABLE IF EXISTS `otp_sessions`;
/*!40101 SET @saved_cs_client     = @@character_set_client */;
/*!50503 SET character_set_client = utf8mb4 */;
CREATE TABLE `otp_sessions` (
  `session_id` int NOT NULL AUTO_INCREMENT,
  `queue_number` varchar(20) NOT NULL,
  `otp_code` varchar(6) NOT NULL,
  `generated_at` timestamp NULL DEFAULT CURRENT_TIMESTAMP,
  `expires_at` timestamp NOT NULL,
  `verified` tinyint(1) DEFAULT '0',
  `attempts` int DEFAULT '0',
  `ip_address` varchar(45) DEFAULT NULL,
  PRIMARY KEY (`session_id`),
  KEY `idx_queue` (`queue_number`),
  KEY `idx_otp` (`otp_code`),
  CONSTRAINT `otp_sessions_ibfk_1` FOREIGN KEY (`queue_number`) REFERENCES `applications` (`queue_number`) ON DELETE CASCADE
) ENGINE=InnoDB AUTO_INCREMENT=75 DEFAULT CHARSET=utf8mb4 COLLATE=utf8mb4_0900_ai_ci;
/*!40101 SET character_set_client = @saved_cs_client */;

--
-- Dumping data for table `otp_sessions`
--

/*!40000 ALTER TABLE `otp_sessions` DISABLE KEYS */;
INSERT INTO `otp_sessions` VALUES (16,'UREO-0001','173522','2026-02-16 01:14:52','2026-02-16 01:24:52',1,0,'::1'),(17,'UREO-0001','699062','2026-02-16 01:47:09','2026-02-16 01:57:09',0,0,'::1'),(18,'UREO-0001','349106','2026-02-16 01:47:51','2026-02-16 01:57:51',1,0,'::1'),(19,'UREO-0002','219443','2026-02-16 03:22:04','2026-02-16 03:32:04',1,0,'::1'),(20,'UREO-0001','009743','2026-02-17 12:30:23','2026-02-17 12:40:23',1,0,'::1'),(21,'UREO-0001','468897','2026-02-18 01:02:07','2026-02-18 01:12:07',1,0,'::1'),(22,'UREO-0003','277696','2026-02-20 06:34:05','2026-02-20 06:44:05',1,0,'::1'),(23,'UREO-0003','210509','2026-02-20 06:37:51','2026-02-20 06:47:51',1,0,'::1'),(24,'UREO-0003','239425','2026-02-20 08:16:21','2026-02-20 08:26:20',1,0,'::1'),(25,'UREO-0001','900445','2026-03-03 02:37:41','2026-03-03 02:47:41',1,0,'::1'),(26,'UREO-0001','617338','2026-03-17 06:31:21','2026-03-17 06:41:21',1,0,'::1'),(27,'UREO-0003','025015','2026-03-19 08:31:48','2026-03-19 08:41:47',1,0,'::1'),(28,'UREO-0003','462729','2026-03-24 03:51:13','2026-03-24 04:01:13',1,0,'::1'),(29,'UREO-0001','991442','2026-03-24 04:27:55','2026-03-24 04:37:55',1,0,'::1'),(30,'UREO-0001','935930','2026-03-24 08:40:11','2026-03-24 08:50:11',1,0,'::1'),(31,'UREO-0001','530104','2026-03-24 09:39:03','2026-03-24 09:49:03',1,0,'::1'),(32,'UREO-0001','955129','2026-03-25 00:27:58','2026-03-25 00:37:58',1,0,'::1'),(33,'UREO-0001','179433','2026-03-25 01:58:38','2026-03-25 02:08:38',1,0,'::1'),(34,'UREO-0001','436975','2026-03-25 03:04:17','2026-03-25 03:14:17',1,0,'::1'),(35,'UREO-0001','899686','2026-03-25 06:02:09','2026-03-25 06:12:09',1,0,'::1'),(36,'UREO-0001','509736','2026-03-25 09:13:02','2026-03-25 09:23:02',1,0,'::1'),(37,'UREO-0002','004093','2026-03-26 00:26:35','2026-03-26 00:36:35',1,0,'::1'),(38,'UREO-0001','342433','2026-03-26 00:35:13','2026-03-26 00:45:13',1,0,'::1'),(39,'UREO-0001','502571','2026-03-26 05:25:19','2026-03-26 05:35:19',1,0,'::1'),(40,'UREO-0001','026433','2026-03-26 07:19:06','2026-03-26 07:29:06',1,0,'::1'),(41,'UREO-0001','221277','2026-03-27 00:20:26','2026-03-27 00:30:26',1,0,'::1'),(42,'UREO-0001','123978','2026-03-27 06:32:21','2026-03-27 06:42:21',1,0,'::1'),(43,'UREO-0002','126985','2026-03-27 07:09:19','2026-03-27 07:19:19',1,0,'::1'),(44,'UREO-0002','441459','2026-04-02 00:15:41','2026-04-02 00:25:41',0,0,'::1'),(45,'UREO-0002','166553','2026-04-02 00:15:45','2026-04-02 00:25:45',1,0,'::1'),(46,'UREO-0002','195324','2026-04-06 14:05:54','2026-04-06 14:15:54',1,0,'::1'),(47,'UREO-0001','452844','2026-04-06 14:40:41','2026-04-06 14:50:41',1,0,'::1'),(48,'UREO-0003','609818','2026-04-07 05:48:21','2026-04-07 05:58:21',1,0,'::1'),(49,'UREO-0002','331053','2026-04-07 06:12:27','2026-04-07 06:22:27',1,0,'::1'),(50,'UREO-0001','408722','2026-04-07 06:21:47','2026-04-07 06:31:47',1,0,'::1'),(51,'UREO-0001','639432','2026-04-07 07:49:55','2026-04-07 07:59:55',1,0,'::1'),(52,'UREO-0001','131462','2026-04-07 09:19:05','2026-04-07 09:29:05',1,0,'::1'),(53,'UREO-0002','017181','2026-04-07 09:19:44','2026-04-07 09:29:44',1,0,'::1'),(54,'UREO-0001','627310','2026-04-08 06:58:48','2026-04-08 07:08:48',1,0,'::1'),(55,'UREO-0001','417883','2026-04-08 08:55:33','2026-04-08 09:05:33',1,0,'::1'),(56,'UREO-0001','402677','2026-04-14 07:16:14','2026-04-14 07:26:14',1,0,'::1'),(57,'UREO-0001','129487','2026-04-15 04:16:40','2026-04-15 04:26:40',0,0,'::1'),(58,'UREO-0003','611306','2026-04-15 04:16:49','2026-04-15 04:26:49',1,0,'::1'),(59,'UREO-0003','045108','2026-04-15 07:29:09','2026-04-15 07:39:09',1,0,'::1'),(60,'UREO-0003','029825','2026-04-15 08:58:18','2026-04-15 09:08:18',1,0,'::1'),(61,'UREO-0001','183724','2026-04-15 08:59:18','2026-04-15 09:09:18',1,0,'::1'),(62,'UREO-0001','700846','2026-04-16 01:50:54','2026-04-16 02:00:54',1,0,'::1'),(63,'UREO-0003','634749','2026-04-16 02:33:53','2026-04-16 02:43:53',1,0,'::1'),(64,'UREO-0003','173611','2026-04-16 05:13:06','2026-04-16 05:23:06',1,0,'::1'),(65,'UREO-0003','142157','2026-04-16 08:13:53','2026-04-16 08:23:53',1,0,'::1'),(66,'UREO-0001','708620','2026-04-18 04:33:32','2026-04-18 04:43:32',1,0,'::1'),(67,'UREO-0003','440666','2026-04-18 04:34:19','2026-04-18 04:44:19',1,0,'::1'),(68,'UREO-0003','780001','2026-04-19 23:49:08','2026-04-19 23:59:08',1,0,'::1'),(69,'UREO-0003','437847','2026-04-20 01:53:53','2026-04-20 02:03:53',1,0,'::1'),(70,'UREO-0001','011175','2026-04-22 02:57:31','2026-04-22 03:07:31',1,0,'::1'),(71,'UREO-0001','108485','2026-04-30 03:44:37','2026-04-30 03:54:37',1,0,'::1'),(72,'UREO-0004','994107','2026-05-19 03:55:38','2026-05-19 04:05:38',1,0,'::1'),(73,'UREO-0003','070412','2026-05-26 01:47:16','2026-05-26 01:57:16',1,0,'::1'),(74,'UREO-0004','292215','2026-06-10 14:24:50','2026-06-10 14:34:50',1,0,'::1');
/*!40000 ALTER TABLE `otp_sessions` ENABLE KEYS */;

--
-- Table structure for table `required_documents`
--

DROP TABLE IF EXISTS `required_documents`;
/*!40101 SET @saved_cs_client     = @@character_set_client */;
/*!50503 SET character_set_client = utf8mb4 */;
CREATE TABLE `required_documents` (
  `requirement_id` int NOT NULL AUTO_INCREMENT,
  `document_type` varchar(100) NOT NULL,
  `display_name` varchar(255) NOT NULL,
  `description` text,
  `is_conditional` tinyint(1) DEFAULT '0',
  `conditional_field` varchar(100) DEFAULT NULL,
  `file_formats` varchar(100) DEFAULT 'pdf,doc,docx',
  `mandatory` tinyint(1) DEFAULT '1',
  `display_order` int DEFAULT '0',
  `active` tinyint(1) DEFAULT '1',
  PRIMARY KEY (`requirement_id`)
) ENGINE=InnoDB DEFAULT CHARSET=utf8mb4 COLLATE=utf8mb4_0900_ai_ci;
/*!40101 SET character_set_client = @saved_cs_client */;

--
-- Dumping data for table `required_documents`
--

/*!40000 ALTER TABLE `required_documents` DISABLE KEYS */;
/*!40000 ALTER TABLE `required_documents` ENABLE KEYS */;

--
-- Table structure for table `staff_logs`
--

DROP TABLE IF EXISTS `staff_logs`;
/*!40101 SET @saved_cs_client     = @@character_set_client */;
/*!50503 SET character_set_client = utf8mb4 */;
CREATE TABLE `staff_logs` (
  `log_id` int NOT NULL AUTO_INCREMENT,
  `staff_id` int NOT NULL,
  `queue_number` varchar(20) DEFAULT NULL,
  `action_type` enum('opened_message','sent_reply','approved','rejected','viewed_application','downloaded_document','reclassified_ai','ai_feedback','other') NOT NULL,
  `action_details` text,
  `ip_address` varchar(45) DEFAULT NULL,
  `timestamp` timestamp NULL DEFAULT CURRENT_TIMESTAMP,
  PRIMARY KEY (`log_id`),
  KEY `idx_staff` (`staff_id`),
  KEY `idx_queue` (`queue_number`),
  KEY `idx_timestamp` (`timestamp`),
  CONSTRAINT `staff_logs_ibfk_1` FOREIGN KEY (`staff_id`) REFERENCES `users` (`user_id`) ON DELETE CASCADE,
  CONSTRAINT `staff_logs_ibfk_2` FOREIGN KEY (`queue_number`) REFERENCES `applications` (`queue_number`) ON DELETE SET NULL
) ENGINE=InnoDB AUTO_INCREMENT=1247 DEFAULT CHARSET=utf8mb4 COLLATE=utf8mb4_0900_ai_ci;
/*!40101 SET character_set_client = @saved_cs_client */;

--
-- Dumping data for table `staff_logs`
--

/*!40000 ALTER TABLE `staff_logs` DISABLE KEYS */;
INSERT INTO `staff_logs` VALUES (385,1,NULL,'other','Updated system settings','::1','2026-02-16 01:07:53'),(386,1,NULL,'other','Updated system settings','::1','2026-02-16 01:07:58'),(387,1,NULL,'other','Updated system settings','::1','2026-02-16 01:09:51'),(388,1,NULL,'other','Updated system settings','::1','2026-02-16 01:10:31'),(389,1,NULL,'other','Logged out','::1','2026-02-16 01:12:15'),(390,1,NULL,'other','Logged in','::1','2026-02-16 01:12:46'),(391,1,NULL,'other','Logged out','::1','2026-02-16 01:12:48'),(392,1,NULL,'other','Logged in','::1','2026-02-16 01:46:51'),(393,1,NULL,'other','Logged out','::1','2026-02-16 01:46:55'),(394,2,NULL,'other','Logged in','::1','2026-02-16 01:46:59'),(395,2,'UREO-0001','viewed_application','Viewed application details','::1','2026-02-16 01:48:36'),(396,2,'UREO-0001','viewed_application','Reviewed AI classification','::1','2026-02-16 01:50:16'),(397,2,'UREO-0001','ai_feedback','Reviewed AI classification: Accepted','::1','2026-02-16 01:51:53'),(398,2,'UREO-0001','viewed_application','Viewed application details','::1','2026-02-16 01:51:54'),(399,2,'UREO-0001','viewed_application','Reviewed AI classification','::1','2026-02-16 01:51:57'),(400,2,'UREO-0001','other','Validated document: TAU-REO-QF-01_Filled_UREO-0001.pdf','::1','2026-02-16 02:01:43'),(401,2,'UREO-0001','viewed_application','Viewed application details','::1','2026-02-16 02:01:45'),(402,2,'UREO-0001','other','Validated document: Research proposal/Thesis/Dissertation Outline','::1','2026-02-16 02:01:50'),(403,2,'UREO-0001','viewed_application','Viewed application details','::1','2026-02-16 02:01:51'),(404,2,'UREO-0001','other','Validated document: TAU-REO-QF-02','::1','2026-02-16 02:01:54'),(405,2,'UREO-0001','viewed_application','Viewed application details','::1','2026-02-16 02:01:55'),(406,2,'UREO-0001','other','Validated document: CV of proponents','::1','2026-02-16 02:02:00'),(407,2,'UREO-0001','viewed_application','Viewed application details','::1','2026-02-16 02:02:01'),(408,2,'UREO-0001','other','Validated document: Informed Consent Form','::1','2026-02-16 02:02:04'),(409,2,'UREO-0001','viewed_application','Viewed application details','::1','2026-02-16 02:02:05'),(410,2,NULL,'other','Logged in','::1','2026-02-16 03:17:51'),(411,2,'UREO-0001','viewed_application','Viewed application details','::1','2026-02-16 03:18:09'),(412,2,NULL,'other','Logged in','::1','2026-02-16 03:56:02'),(413,2,'UREO-0002','viewed_application','Viewed application details','::1','2026-02-16 03:56:05'),(414,2,'UREO-0002','viewed_application','Reviewed AI classification','::1','2026-02-16 03:56:13'),(415,2,'UREO-0002','ai_feedback','Reviewed AI classification: Accepted','::1','2026-02-16 03:57:02'),(416,2,'UREO-0002','viewed_application','Viewed application details','::1','2026-02-16 03:57:03'),(417,2,'UREO-0002','other','Validated document: TAU-REO-QF-01_Filled_UREO-0002.pdf','::1','2026-02-16 03:58:44'),(418,2,'UREO-0002','viewed_application','Viewed application details','::1','2026-02-16 03:58:45'),(419,2,'UREO-0002','other','Validated document: Research proposal/Thesis/Dissertation Outline','::1','2026-02-16 03:58:48'),(420,2,'UREO-0002','viewed_application','Viewed application details','::1','2026-02-16 03:58:48'),(421,2,'UREO-0002','other','Validated document: TAU-REO-QF-02','::1','2026-02-16 03:58:52'),(422,2,'UREO-0002','viewed_application','Viewed application details','::1','2026-02-16 03:58:52'),(423,2,'UREO-0002','other','Validated document: CV of proponents','::1','2026-02-16 03:58:57'),(424,2,'UREO-0002','viewed_application','Viewed application details','::1','2026-02-16 03:58:58'),(425,2,NULL,'other','Logged in','::1','2026-02-16 04:47:54'),(426,2,'UREO-0002','viewed_application','Viewed application details','::1','2026-02-16 05:06:20'),(427,2,'UREO-0002','viewed_application','Viewed application details','::1','2026-02-16 05:21:59'),(428,2,'UREO-0002','viewed_application','Viewed application details','::1','2026-02-16 05:24:15'),(429,2,'UREO-0002','viewed_application','Viewed application details','::1','2026-02-16 05:25:47'),(430,2,'UREO-0002','viewed_application','Viewed application details','::1','2026-02-16 05:26:57'),(431,2,'UREO-0001','viewed_application','Viewed application details','::1','2026-02-16 05:27:07'),(432,2,'UREO-0002','viewed_application','Viewed application details','::1','2026-02-16 05:31:16'),(433,2,'UREO-0002','viewed_application','Viewed application details','::1','2026-02-16 05:34:40'),(434,2,'UREO-0001','other','Auto-claimed application for review','::1','2026-02-16 05:35:03'),(435,2,'UREO-0001','viewed_application','Viewed application details','::1','2026-02-16 05:35:03'),(436,1,NULL,'other','Logged in','::1','2026-02-16 05:35:48'),(437,1,'UREO-0001','viewed_application','Viewed application details','::1','2026-02-16 05:35:58'),(438,1,'UREO-0001','viewed_application','Reviewed AI classification','::1','2026-02-16 05:36:18'),(439,1,'UREO-0001','viewed_application','Viewed application details','::1','2026-02-16 05:38:25'),(440,1,'UREO-0001','viewed_application','Viewed application details','::1','2026-02-16 05:40:57'),(441,1,'UREO-0001','viewed_application','Reviewed AI classification','::1','2026-02-16 05:41:02'),(442,1,'UREO-0001','viewed_application','Viewed application details','::1','2026-02-16 05:45:48'),(443,2,'UREO-0001','viewed_application','Viewed application details','::1','2026-02-16 06:34:04'),(444,2,'UREO-0001','viewed_application','Viewed application details','::1','2026-02-16 06:38:24'),(445,1,NULL,'other','Logged in','::1','2026-02-16 06:46:08'),(446,2,'UREO-0002','viewed_application','Viewed application details','::1','2026-02-16 07:17:23'),(447,2,'UREO-0002','viewed_application','Viewed application details','::1','2026-02-16 07:23:54'),(448,2,'UREO-0002','viewed_application','Viewed application details','::1','2026-02-16 07:23:54'),(449,2,'UREO-0001','viewed_application','Viewed application details','::1','2026-02-16 07:30:57'),(450,2,'UREO-0001','viewed_application','Viewed application details','::1','2026-02-16 07:34:07'),(451,2,'UREO-0001','viewed_application','Viewed application details','::1','2026-02-16 07:34:43'),(452,2,'UREO-0001','viewed_application','Viewed application details','::1','2026-02-16 07:34:57'),(453,2,'UREO-0001','viewed_application','Viewed application details','::1','2026-02-16 07:35:21'),(454,2,'UREO-0001','viewed_application','Reviewed AI classification','::1','2026-02-16 07:35:28'),(455,2,'UREO-0001','viewed_application','Viewed application details','::1','2026-02-16 07:36:32'),(456,2,'UREO-0001','viewed_application','Viewed application details','::1','2026-02-16 07:37:41'),(457,2,'UREO-0001','viewed_application','Viewed application details','::1','2026-02-16 07:38:56'),(458,2,'UREO-0001','viewed_application','Viewed application details','::1','2026-02-16 07:39:13'),(459,2,'UREO-0001','viewed_application','Viewed application details','::1','2026-02-16 07:39:28'),(460,2,'UREO-0001','viewed_application','Viewed application details','::1','2026-02-16 07:39:53'),(461,2,'UREO-0001','viewed_application','Viewed application details','::1','2026-02-16 07:39:57'),(462,2,'UREO-0001','viewed_application','Viewed application details','::1','2026-02-16 07:41:33'),(463,2,'UREO-0001','viewed_application','Viewed application details','::1','2026-02-16 07:41:54'),(464,2,'UREO-0001','viewed_application','Viewed application details','::1','2026-02-16 07:42:19'),(465,2,'UREO-0001','viewed_application','Viewed application details','::1','2026-02-16 07:42:50'),(466,2,'UREO-0001','viewed_application','Viewed application details','::1','2026-02-16 07:43:19'),(467,2,'UREO-0001','viewed_application','Reviewed AI classification','::1','2026-02-16 07:43:41'),(468,2,'UREO-0001','viewed_application','Viewed application details','::1','2026-02-16 07:45:58'),(469,2,'UREO-0001','viewed_application','Viewed application details','::1','2026-02-16 07:47:28'),(470,2,'UREO-0001','viewed_application','Viewed application details','::1','2026-02-16 07:48:03'),(471,2,'UREO-0001','viewed_application','Viewed application details','::1','2026-02-16 07:50:29'),(472,2,'UREO-0001','viewed_application','Viewed application details','::1','2026-02-16 07:51:19'),(473,2,'UREO-0001','viewed_application','Viewed application details','::1','2026-02-16 07:52:26'),(474,2,'UREO-0001','viewed_application','Viewed application details','::1','2026-02-16 07:53:35'),(475,2,'UREO-0001','viewed_application','Viewed application details','::1','2026-02-16 07:53:47'),(476,2,'UREO-0001','viewed_application','Viewed application details','::1','2026-02-16 07:54:25'),(477,2,'UREO-0001','viewed_application','Viewed application details','::1','2026-02-16 07:54:39'),(478,2,'UREO-0001','viewed_application','Viewed application details','::1','2026-02-16 07:55:25'),(479,2,'UREO-0001','viewed_application','Viewed application details','::1','2026-02-16 07:55:28'),(480,2,'UREO-0001','viewed_application','Viewed application details','::1','2026-02-16 07:56:36'),(481,2,'UREO-0001','viewed_application','Viewed application details','::1','2026-02-16 07:57:47'),(482,2,'UREO-0001','viewed_application','Viewed application details','::1','2026-02-16 07:57:59'),(483,2,'UREO-0001','viewed_application','Viewed application details','::1','2026-02-16 07:58:15'),(484,2,'UREO-0001','viewed_application','Viewed application details','::1','2026-02-16 07:59:27'),(485,2,'UREO-0001','viewed_application','Viewed application details','::1','2026-02-16 08:00:08'),(486,2,'UREO-0001','viewed_application','Viewed application details','::1','2026-02-16 08:00:28'),(487,2,'UREO-0001','viewed_application','Viewed application details','::1','2026-02-16 08:00:38'),(488,2,'UREO-0001','viewed_application','Reviewed AI classification','::1','2026-02-16 08:01:22'),(489,2,'UREO-0001','viewed_application','Reviewed AI classification','::1','2026-02-16 08:05:46'),(490,2,'UREO-0001','viewed_application','Reviewed AI classification','::1','2026-02-16 08:07:34'),(491,2,'UREO-0001','viewed_application','Reviewed AI classification','::1','2026-02-16 08:07:51'),(492,2,'UREO-0001','viewed_application','Reviewed AI classification','::1','2026-02-16 08:08:15'),(493,2,'UREO-0001','viewed_application','Reviewed AI classification','::1','2026-02-16 08:09:49'),(494,2,'UREO-0001','viewed_application','Reviewed AI classification','::1','2026-02-16 08:10:33'),(495,2,'UREO-0001','viewed_application','Reviewed AI classification','::1','2026-02-16 08:11:04'),(496,2,'UREO-0001','viewed_application','Reviewed AI classification','::1','2026-02-16 08:11:20'),(497,2,'UREO-0001','viewed_application','Reviewed AI classification','::1','2026-02-16 08:12:11'),(498,2,'UREO-0001','viewed_application','Reviewed AI classification','::1','2026-02-16 08:14:20'),(499,2,'UREO-0001','viewed_application','Reviewed AI classification','::1','2026-02-16 08:16:54'),(500,2,'UREO-0001','viewed_application','Reviewed AI classification','::1','2026-02-16 08:18:37'),(501,2,'UREO-0001','viewed_application','Reviewed AI classification','::1','2026-02-16 08:20:55'),(502,2,'UREO-0001','viewed_application','Reviewed AI classification','::1','2026-02-16 08:28:24'),(503,2,'UREO-0001','viewed_application','Viewed application details','::1','2026-02-16 08:28:43'),(504,2,'UREO-0001','viewed_application','Reviewed AI classification','::1','2026-02-16 08:28:46'),(505,2,'UREO-0001','viewed_application','Viewed application details','::1','2026-02-16 08:30:28'),(506,2,'UREO-0001','viewed_application','Viewed application details','::1','2026-02-16 08:32:21'),(507,2,'UREO-0001','viewed_application','Viewed application details','::1','2026-02-16 08:37:26'),(508,2,'UREO-0001','viewed_application','Reviewed AI classification','::1','2026-02-16 08:37:36'),(509,2,'UREO-0001','viewed_application','Viewed application details','::1','2026-02-16 08:45:54'),(510,2,'UREO-0001','viewed_application','Reviewed AI classification','::1','2026-02-16 08:45:58'),(511,2,'UREO-0001','viewed_application','Viewed application details','::1','2026-02-16 08:51:00'),(512,1,NULL,'other','Logged in','::1','2026-02-16 08:51:12'),(513,1,'UREO-0001','viewed_application','Viewed application details','::1','2026-02-16 08:51:35'),(514,1,'UREO-0001','viewed_application','Reviewed AI classification','::1','2026-02-16 08:51:51'),(515,2,'UREO-0001','viewed_application','Viewed application details','::1','2026-02-16 09:01:25'),(516,1,'UREO-0001','viewed_application','Viewed application details','::1','2026-02-16 09:01:41'),(517,2,NULL,'other','Logged in','::1','2026-02-17 11:40:01'),(518,2,'UREO-0001','viewed_application','Viewed application details','::1','2026-02-17 11:43:13'),(519,2,'UREO-0001','viewed_application','Reviewed AI classification','::1','2026-02-17 11:45:17'),(520,2,'UREO-0001','viewed_application','Viewed application details','::1','2026-02-17 11:49:56'),(521,2,'UREO-0001','viewed_application','Reviewed AI classification','::1','2026-02-17 11:57:06'),(522,2,'UREO-0001','viewed_application','Viewed application details','::1','2026-02-17 12:09:51'),(523,2,'UREO-0001','viewed_application','Viewed application details','::1','2026-02-17 12:10:31'),(524,2,'UREO-0001','viewed_application','Viewed application details','::1','2026-02-17 12:11:48'),(525,2,'UREO-0001','viewed_application','Viewed application details','::1','2026-02-17 12:12:16'),(526,2,'UREO-0001','viewed_application','Viewed application details','::1','2026-02-17 12:19:08'),(527,2,'UREO-0001','viewed_application','Viewed application details','::1','2026-02-17 12:19:28'),(528,2,'UREO-0001','viewed_application','Viewed application details','::1','2026-02-17 12:20:03'),(529,2,'UREO-0001','viewed_application','Viewed application details','::1','2026-02-17 12:20:27'),(530,2,'UREO-0001','viewed_application','Viewed application details','::1','2026-02-17 12:21:36'),(531,2,'UREO-0001','viewed_application','Viewed application details','::1','2026-02-17 12:22:45'),(532,2,'UREO-0001','viewed_application','Viewed application details','::1','2026-02-17 12:24:39'),(533,2,'UREO-0001','viewed_application','Viewed application details','::1','2026-02-17 12:34:18'),(534,2,'UREO-0001','viewed_application','Reviewed AI classification','::1','2026-02-17 12:34:39'),(535,2,NULL,'other','Logged in','::1','2026-02-17 13:23:44'),(536,2,'UREO-0001','viewed_application','Viewed application details','::1','2026-02-17 13:23:48'),(537,2,'UREO-0001','viewed_application','Reviewed AI classification','::1','2026-02-17 13:23:53'),(538,2,NULL,'other','Logged in','::1','2026-02-18 00:22:56'),(539,2,'UREO-0001','viewed_application','Viewed application details','::1','2026-02-18 00:23:01'),(540,2,'UREO-0001','viewed_application','Reviewed AI classification','::1','2026-02-18 00:33:42'),(541,2,NULL,'other','Logged in','::1','2026-02-18 00:40:59'),(542,2,'UREO-0001','viewed_application','Viewed application details','::1','2026-02-18 00:41:25'),(543,2,NULL,'other','Logged out','::1','2026-02-18 00:49:50'),(544,1,NULL,'other','Logged in','::1','2026-02-18 00:49:56'),(545,1,NULL,'other','Updated system settings','::1','2026-02-18 01:01:40'),(546,1,NULL,'other','Updated system settings','::1','2026-02-18 01:01:50'),(547,2,'UREO-0001','viewed_application','Viewed application details','::1','2026-02-18 01:01:55'),(548,2,'UREO-0001','viewed_application','Viewed application details','::1','2026-02-18 01:01:56'),(549,2,'UREO-0001','viewed_application','Viewed application details','::1','2026-02-18 01:01:57'),(550,2,NULL,'other','Logged out','::1','2026-02-18 01:02:01'),(551,1,NULL,'other','Logged in','::1','2026-02-18 01:03:38'),(552,1,'UREO-0001','viewed_application','Viewed application details','::1','2026-02-18 01:19:11'),(553,1,'UREO-0001','viewed_application','Viewed application details','::1','2026-02-18 01:19:39'),(554,1,'UREO-0001','viewed_application','Viewed application details','::1','2026-02-18 01:19:47'),(555,1,'UREO-0001','viewed_application','Viewed application details','::1','2026-02-18 01:22:54'),(556,1,'UREO-0001','viewed_application','Viewed application details','::1','2026-02-18 01:24:01'),(557,1,'UREO-0001','viewed_application','Viewed application details','::1','2026-02-18 01:24:17'),(558,1,'UREO-0001','viewed_application','Viewed application details','::1','2026-02-18 01:25:16'),(559,1,'UREO-0001','viewed_application','Viewed application details','::1','2026-02-18 01:26:20'),(560,1,'UREO-0001','viewed_application','Viewed application details','::1','2026-02-18 01:27:43'),(561,1,'UREO-0001','viewed_application','Viewed application details','::1','2026-02-18 01:29:12'),(562,1,'UREO-0001','viewed_application','Viewed application details','::1','2026-02-18 01:29:28'),(563,1,'UREO-0001','viewed_application','Viewed application details','::1','2026-02-18 01:29:45'),(564,1,'UREO-0001','viewed_application','Viewed application details','::1','2026-02-18 01:29:49'),(565,1,'UREO-0001','viewed_application','Viewed application details','::1','2026-02-18 01:30:19'),(566,1,'UREO-0001','viewed_application','Reviewed AI classification','::1','2026-02-18 01:31:59'),(567,1,'UREO-0001','viewed_application','Reviewed AI classification','::1','2026-02-18 01:32:13'),(568,2,NULL,'other','Logged in','::1','2026-02-18 01:49:58'),(569,1,'UREO-0001','viewed_application','Viewed application details','::1','2026-02-18 02:01:46'),(570,1,'UREO-0001','viewed_application','Viewed application details','::1','2026-02-18 02:16:50'),(571,1,'UREO-0001','viewed_application','Viewed application details','::1','2026-02-18 02:21:52'),(572,1,'UREO-0001','viewed_application','Viewed application details','::1','2026-02-18 02:22:16'),(573,2,NULL,'other','Logged in','::1','2026-02-18 02:22:24'),(574,2,'UREO-0001','viewed_application','Viewed application details','::1','2026-02-18 02:22:27'),(575,1,'UREO-0001','viewed_application','Viewed application details','::1','2026-02-18 02:23:21'),(576,1,'UREO-0001','viewed_application','Viewed application details','::1','2026-02-18 02:44:41'),(577,1,'UREO-0001','viewed_application','Viewed application details','::1','2026-02-18 03:13:30'),(578,1,'UREO-0001','viewed_application','Viewed application details','::1','2026-02-18 03:13:37'),(579,1,'UREO-0001','viewed_application','Viewed application details','::1','2026-02-18 03:16:08'),(580,1,'UREO-0001','viewed_application','Viewed application details','::1','2026-02-18 03:16:37'),(581,1,'UREO-0001','viewed_application','Viewed application details','::1','2026-02-18 03:17:20'),(582,1,'UREO-0001','viewed_application','Viewed application details','::1','2026-02-18 03:18:06'),(583,1,'UREO-0001','viewed_application','Viewed application details','::1','2026-02-18 03:21:01'),(584,1,'UREO-0001','viewed_application','Reviewed AI classification','::1','2026-02-18 03:24:24'),(585,1,'UREO-0001','viewed_application','Viewed application details','::1','2026-02-18 03:28:50'),(586,1,'UREO-0001','viewed_application','Viewed application details','::1','2026-02-18 03:28:55'),(587,1,'UREO-0001','viewed_application','Viewed application details','::1','2026-02-18 03:31:31'),(588,1,'UREO-0001','viewed_application','Viewed application details','::1','2026-02-18 03:32:02'),(589,1,'UREO-0001','viewed_application','Reviewed AI classification','::1','2026-02-18 03:32:16'),(590,1,'UREO-0001','viewed_application','Viewed application details','::1','2026-02-18 03:32:32'),(591,1,'UREO-0001','viewed_application','Viewed application details','::1','2026-02-18 03:33:07'),(592,1,'UREO-0001','viewed_application','Reviewed AI classification','::1','2026-02-18 03:33:19'),(593,1,'UREO-0001','viewed_application','Viewed application details','::1','2026-02-18 03:36:28'),(594,1,'UREO-0001','viewed_application','Viewed application details','::1','2026-02-18 03:38:19'),(595,1,'UREO-0001','viewed_application','Viewed application details','::1','2026-02-18 03:39:15'),(596,1,'UREO-0001','viewed_application','Viewed application details','::1','2026-02-18 03:39:52'),(597,1,'UREO-0001','viewed_application','Viewed application details','::1','2026-02-18 03:40:16'),(598,1,'UREO-0001','viewed_application','Viewed application details','::1','2026-02-18 03:43:52'),(599,1,'UREO-0001','viewed_application','Viewed application details','::1','2026-02-18 03:44:20'),(600,1,'UREO-0001','viewed_application','Reviewed AI classification','::1','2026-02-18 03:46:19'),(601,1,'UREO-0001','viewed_application','Viewed application details','::1','2026-02-18 03:46:30'),(602,1,'UREO-0001','viewed_application','Viewed application details','::1','2026-02-18 03:47:21'),(603,1,'UREO-0001','viewed_application','Viewed application details','::1','2026-02-18 03:47:25'),(604,2,NULL,'other','Logged in','::1','2026-02-18 03:48:16'),(605,2,'UREO-0001','viewed_application','Viewed application details','::1','2026-02-18 03:48:21'),(606,2,'UREO-0001','viewed_application','Reviewed AI classification','::1','2026-02-18 03:48:32'),(607,1,'UREO-0001','viewed_application','Viewed application details','::1','2026-02-18 03:48:44'),(608,1,'UREO-0001','viewed_application','Reviewed AI classification','::1','2026-02-18 03:49:37'),(609,1,'UREO-0001','viewed_application','Viewed application details','::1','2026-02-18 03:53:15'),(610,1,'UREO-0001','viewed_application','Viewed application details','::1','2026-02-18 03:53:32'),(611,1,'UREO-0001','viewed_application','Reviewed AI classification','::1','2026-02-18 03:53:40'),(612,2,NULL,'other','Logged in','::1','2026-02-18 05:15:17'),(613,2,'UREO-0001','viewed_application','Viewed application details','::1','2026-02-18 05:15:57'),(614,2,'UREO-0001','viewed_application','Viewed application details','::1','2026-02-18 05:17:30'),(615,2,'UREO-0001','viewed_application','Viewed application details','::1','2026-02-18 05:17:56'),(616,2,'UREO-0001','viewed_application','Reviewed AI classification','::1','2026-02-18 05:18:11'),(617,2,NULL,'other','Logged in','::1','2026-02-18 05:23:50'),(618,2,'UREO-0001','viewed_application','Viewed application details','::1','2026-02-18 05:23:55'),(619,2,NULL,'other','Logged out','::1','2026-02-18 05:25:06'),(620,1,NULL,'other','Logged in','::1','2026-02-18 05:25:09'),(621,1,'UREO-0001','viewed_application','Viewed application details','::1','2026-02-18 05:25:16'),(622,2,'UREO-0001','viewed_application','Viewed application details','::1','2026-02-18 05:25:53'),(623,2,'UREO-0001','viewed_application','Viewed application details','::1','2026-02-18 05:29:03'),(624,2,'UREO-0001','viewed_application','Viewed application details','::1','2026-02-18 05:29:47'),(625,2,'UREO-0001','viewed_application','Viewed application details','::1','2026-02-18 05:30:06'),(626,2,'UREO-0001','viewed_application','Viewed application details','::1','2026-02-18 05:30:14'),(627,2,'UREO-0001','viewed_application','Viewed application details','::1','2026-02-18 05:32:21'),(628,2,'UREO-0001','viewed_application','Viewed application details','::1','2026-02-18 05:33:00'),(629,2,'UREO-0001','viewed_application','Viewed application details','::1','2026-02-18 05:33:04'),(630,2,'UREO-0001','viewed_application','Viewed application details','::1','2026-02-18 05:33:10'),(631,2,'UREO-0001','viewed_application','Viewed application details','::1','2026-02-18 05:33:48'),(632,2,'UREO-0001','viewed_application','Viewed application details','::1','2026-02-18 05:34:31'),(633,2,'UREO-0001','viewed_application','Viewed application details','::1','2026-02-18 05:34:52'),(634,2,'UREO-0001','viewed_application','Viewed application details','::1','2026-02-18 05:34:56'),(635,2,'UREO-0001','viewed_application','Viewed application details','::1','2026-02-18 05:37:20'),(636,2,'UREO-0001','viewed_application','Viewed application details','::1','2026-02-18 05:37:38'),(637,2,'UREO-0001','viewed_application','Viewed application details','::1','2026-02-18 05:37:51'),(638,2,'UREO-0001','viewed_application','Viewed application details','::1','2026-02-18 05:38:01'),(639,2,'UREO-0001','viewed_application','Viewed application details','::1','2026-02-18 05:38:07'),(640,2,'UREO-0001','viewed_application','Viewed application details','::1','2026-02-18 05:38:29'),(641,2,'UREO-0001','viewed_application','Viewed application details','::1','2026-02-18 05:39:13'),(642,2,'UREO-0001','viewed_application','Viewed application details','::1','2026-02-18 05:40:17'),(643,2,'UREO-0001','viewed_application','Viewed application details','::1','2026-02-18 05:40:57'),(644,2,'UREO-0001','viewed_application','Viewed application details','::1','2026-02-18 05:50:51'),(645,2,'UREO-0001','viewed_application','Viewed application details','::1','2026-02-18 05:51:18'),(646,2,'UREO-0001','viewed_application','Viewed application details','::1','2026-02-18 05:54:52'),(647,2,'UREO-0001','viewed_application','Viewed application details','::1','2026-02-18 06:48:57'),(648,2,'UREO-0001','viewed_application','Viewed application details','::1','2026-02-18 06:49:02'),(649,2,'UREO-0001','viewed_application','Viewed application details','::1','2026-02-18 06:59:40'),(650,2,'UREO-0002','viewed_application','Viewed application details','::1','2026-02-18 07:21:31'),(651,2,'UREO-0002','viewed_application','Viewed application details','::1','2026-02-18 07:24:17'),(652,2,'UREO-0001','viewed_application','Viewed application details','::1','2026-02-18 08:16:36'),(653,2,'UREO-0001','viewed_application','Viewed application details','::1','2026-02-18 08:17:10'),(654,2,'UREO-0001','viewed_application','Viewed application details','::1','2026-02-18 08:17:22'),(655,2,'UREO-0001','viewed_application','Viewed application details','::1','2026-02-18 08:18:39'),(656,2,'UREO-0001','viewed_application','Viewed application details','::1','2026-02-18 08:20:18'),(657,2,'UREO-0001','viewed_application','Viewed application details','::1','2026-02-18 08:21:00'),(658,2,'UREO-0001','viewed_application','Viewed application details','::1','2026-02-18 08:22:18'),(659,2,'UREO-0001','viewed_application','Viewed application details','::1','2026-02-18 08:23:12'),(660,2,'UREO-0001','viewed_application','Viewed application details','::1','2026-02-18 08:23:44'),(661,2,'UREO-0001','viewed_application','Viewed application details','::1','2026-02-18 08:23:58'),(662,2,'UREO-0001','viewed_application','Viewed application details','::1','2026-02-18 08:24:28'),(663,2,'UREO-0001','viewed_application','Viewed application details','::1','2026-02-18 08:24:41'),(664,2,'UREO-0001','viewed_application','Viewed application details','::1','2026-02-18 08:25:19'),(665,2,'UREO-0001','viewed_application','Viewed application details','::1','2026-02-18 08:25:31'),(666,2,'UREO-0001','viewed_application','Viewed application details','::1','2026-02-18 08:26:12'),(667,2,'UREO-0001','viewed_application','Viewed application details','::1','2026-02-18 08:27:06'),(668,2,'UREO-0001','viewed_application','Reviewed AI classification','::1','2026-02-18 08:28:00'),(669,2,'UREO-0001','viewed_application','Viewed application details','::1','2026-02-18 08:29:41'),(670,2,'UREO-0001','viewed_application','Viewed application details','::1','2026-02-18 08:29:50'),(671,2,'UREO-0001','viewed_application','Viewed application details','::1','2026-02-18 08:30:19'),(672,2,'UREO-0001','viewed_application','Viewed application details','::1','2026-02-18 08:30:28'),(673,2,'UREO-0001','viewed_application','Viewed application details','::1','2026-02-18 08:30:38'),(674,2,'UREO-0001','viewed_application','Viewed application details','::1','2026-02-18 08:30:56'),(675,2,'UREO-0001','viewed_application','Viewed application details','::1','2026-02-18 08:30:59'),(676,2,'UREO-0001','viewed_application','Viewed application details','::1','2026-02-18 08:31:03'),(677,2,'UREO-0001','viewed_application','Viewed application details','::1','2026-02-18 08:31:07'),(678,2,'UREO-0001','viewed_application','Viewed application details','::1','2026-02-18 08:31:08'),(679,2,'UREO-0001','viewed_application','Viewed application details','::1','2026-02-18 08:32:30'),(680,2,'UREO-0001','viewed_application','Viewed application details','::1','2026-02-18 08:32:32'),(681,2,'UREO-0001','viewed_application','Viewed application details','::1','2026-02-18 08:32:45'),(682,2,'UREO-0001','viewed_application','Viewed application details','::1','2026-02-18 08:32:50'),(683,2,'UREO-0001','viewed_application','Viewed application details','::1','2026-02-18 08:33:01'),(684,2,'UREO-0001','viewed_application','Viewed application details','::1','2026-02-18 08:33:13'),(685,2,'UREO-0001','viewed_application','Viewed application details','::1','2026-02-18 08:33:37'),(686,2,'UREO-0001','viewed_application','Viewed application details','::1','2026-02-18 08:34:19'),(687,2,'UREO-0001','viewed_application','Viewed application details','::1','2026-02-18 08:34:23'),(688,2,'UREO-0001','viewed_application','Viewed application details','::1','2026-02-18 08:34:56'),(689,2,'UREO-0001','viewed_application','Reviewed AI classification','::1','2026-02-18 08:38:06'),(690,2,'UREO-0001','viewed_application','Reviewed AI classification','::1','2026-02-18 08:38:53'),(691,2,'UREO-0001','viewed_application','Reviewed AI classification','::1','2026-02-18 08:39:29'),(692,2,'UREO-0001','viewed_application','Reviewed AI classification','::1','2026-02-18 08:40:05'),(693,2,'UREO-0001','viewed_application','Reviewed AI classification','::1','2026-02-18 08:41:38'),(694,2,'UREO-0001','viewed_application','Reviewed AI classification','::1','2026-02-18 08:41:48'),(695,2,'UREO-0001','viewed_application','Reviewed AI classification','::1','2026-02-18 08:41:54'),(696,2,'UREO-0001','viewed_application','Reviewed AI classification','::1','2026-02-18 08:42:08'),(697,2,'UREO-0001','viewed_application','Reviewed AI classification','::1','2026-02-18 08:43:39'),(698,2,'UREO-0001','viewed_application','Reviewed AI classification','::1','2026-02-18 08:43:49'),(699,2,'UREO-0001','viewed_application','Reviewed AI classification','::1','2026-02-18 08:43:54'),(700,2,'UREO-0001','viewed_application','Reviewed AI classification','::1','2026-02-18 08:45:42'),(701,2,'UREO-0001','viewed_application','Reviewed AI classification','::1','2026-02-18 08:46:15'),(702,2,'UREO-0001','viewed_application','Reviewed AI classification','::1','2026-02-18 08:50:48'),(703,2,'UREO-0001','viewed_application','Reviewed AI classification','::1','2026-02-18 08:52:26'),(704,2,'UREO-0001','viewed_application','Reviewed AI classification','::1','2026-02-18 08:54:35'),(705,2,'UREO-0001','viewed_application','Viewed application details','::1','2026-02-18 08:55:14'),(706,2,'UREO-0001','viewed_application','Reviewed AI classification','::1','2026-02-18 08:55:23'),(707,2,'UREO-0001','viewed_application','Reviewed AI classification','::1','2026-02-18 08:55:31'),(708,2,'UREO-0001','viewed_application','Viewed application details','::1','2026-02-18 09:01:06'),(709,1,NULL,'other','Logged in','::1','2026-02-20 00:13:26'),(710,1,NULL,'other','Logged out','::1','2026-02-20 00:13:36'),(711,2,NULL,'other','Logged in','::1','2026-02-20 00:13:43'),(712,2,'UREO-0001','viewed_application','Viewed application details','::1','2026-02-20 00:15:18'),(713,2,'UREO-0001','viewed_application','Reviewed AI classification','::1','2026-02-20 00:15:38'),(714,2,NULL,'other','Logged in','::1','2026-02-23 01:39:34'),(715,2,'UREO-0001','viewed_application','Viewed application details','::1','2026-02-23 01:50:02'),(716,2,'UREO-0001','viewed_application','Viewed application details','::1','2026-02-23 01:56:15'),(717,2,'UREO-0001','viewed_application','Reviewed AI classification','::1','2026-02-23 01:56:39'),(718,2,'UREO-0003','other','Auto-claimed application for review','::1','2026-02-23 01:58:08'),(719,2,'UREO-0003','viewed_application','Viewed application details','::1','2026-02-23 01:58:08'),(720,2,'UREO-0003','viewed_application','Viewed application details','::1','2026-02-23 01:58:16'),(721,2,'UREO-0003','viewed_application','Viewed application details','::1','2026-02-23 01:58:42'),(722,2,NULL,'other','Logged in','::1','2026-02-23 02:39:01'),(723,2,'UREO-0001','viewed_application','Viewed application details','::1','2026-02-23 02:40:04'),(724,2,'UREO-0001','viewed_application','Reviewed AI classification','::1','2026-02-23 02:40:16'),(725,2,'UREO-0001','viewed_application','Reviewed AI classification','::1','2026-02-23 02:40:33'),(726,2,NULL,'other','Logged in','::1','2026-02-24 07:58:34'),(727,2,'UREO-0002','viewed_application','Viewed application details','::1','2026-02-24 07:58:42'),(728,2,'UREO-0002','viewed_application','Viewed application details','::1','2026-02-24 08:02:15'),(729,2,'UREO-0002','viewed_application','Reviewed AI classification','::1','2026-02-24 08:02:49'),(730,2,'UREO-0002','viewed_application','Reviewed AI classification','::1','2026-02-24 08:02:54'),(731,2,'UREO-0002','viewed_application','Viewed application details','::1','2026-02-24 08:03:09'),(732,2,'UREO-0002','viewed_application','Viewed application details','::1','2026-02-24 08:06:57'),(733,2,'UREO-0002','viewed_application','Viewed application details','::1','2026-02-24 08:09:28'),(734,2,'UREO-0002','viewed_application','Viewed application details','::1','2026-02-24 08:10:01'),(735,2,'UREO-0002','viewed_application','Reviewed AI classification','::1','2026-02-24 08:21:45'),(736,2,'UREO-0002','viewed_application','Viewed application details','::1','2026-02-24 08:35:38'),(737,2,'UREO-0002','viewed_application','Reviewed AI classification','::1','2026-02-24 08:36:09'),(738,2,'UREO-0002','viewed_application','Viewed application details','::1','2026-02-24 08:41:14'),(739,2,NULL,'other','Logged out','::1','2026-02-24 08:44:15'),(740,1,NULL,'other','Logged in','::1','2026-02-24 08:44:19'),(741,1,'UREO-0003','viewed_application','Viewed application details','::1','2026-02-24 08:48:56'),(742,1,NULL,'other','Logged out','::1','2026-02-24 08:49:39'),(743,2,NULL,'other','Logged in','::1','2026-02-24 08:49:46'),(744,2,'UREO-0003','viewed_application','Viewed application details','::1','2026-02-24 08:49:51'),(745,2,'UREO-0001','viewed_application','Viewed application details','::1','2026-02-24 08:50:17'),(746,2,'UREO-0001','viewed_application','Viewed application details','::1','2026-02-24 08:50:21'),(747,2,NULL,'other','Logged out','::1','2026-02-24 08:50:27'),(748,1,NULL,'other','Logged in','::1','2026-02-24 08:50:30'),(749,1,'UREO-0002','viewed_application','Viewed application details','::1','2026-02-24 08:50:33'),(750,1,'UREO-0002','viewed_application','Reviewed AI classification','::1','2026-02-24 08:50:35'),(751,1,'UREO-0002','viewed_application','Viewed application details','::1','2026-02-24 08:51:22'),(752,1,NULL,'other','Logged out','::1','2026-02-24 08:51:28'),(753,2,NULL,'other','Logged in','::1','2026-02-24 08:51:36'),(754,2,'UREO-0002','viewed_application','Viewed application details','::1','2026-02-24 08:51:42'),(755,2,NULL,'other','Logged in','::1','2026-03-03 00:40:09'),(756,2,NULL,'other','Logged in','::1','2026-03-03 00:53:52'),(757,2,NULL,'other','Logged out','::1','2026-03-03 00:54:52'),(758,2,NULL,'other','Logged in','::1','2026-03-03 00:54:59'),(759,2,'UREO-0003','viewed_application','Viewed application details','::1','2026-03-03 01:30:14'),(760,2,'UREO-0003','viewed_application','Viewed application details','::1','2026-03-03 01:32:51'),(761,2,'UREO-0002','viewed_application','Viewed application details','::1','2026-03-03 01:34:41'),(762,2,'UREO-0001','viewed_application','Viewed application details','::1','2026-03-03 01:35:04'),(763,2,'UREO-0001','viewed_application','Viewed application details','::1','2026-03-03 01:46:56'),(764,2,'UREO-0002','viewed_application','Viewed application details','::1','2026-03-03 01:49:53'),(765,2,NULL,'other','Logged out','::1','2026-03-03 02:37:33'),(766,2,NULL,'other','Logged in','::1','2026-03-03 03:06:29'),(767,2,'UREO-0001','viewed_application','Viewed application details','::1','2026-03-03 03:06:43'),(768,2,NULL,'other','Logged out','::1','2026-03-03 03:35:58'),(769,1,NULL,'other','Logged in','::1','2026-03-03 05:49:29'),(770,1,NULL,'other','Logged in','::1','2026-03-03 06:01:34'),(771,1,NULL,'other','Logged out','::1','2026-03-03 06:01:38'),(772,1,NULL,'other','Logged in','::1','2026-03-03 06:20:08'),(773,1,NULL,'other','Updated user: urec_admin','::1','2026-03-03 06:21:52'),(774,4,NULL,'other','Logged in','::1','2026-03-03 06:37:43'),(775,4,NULL,'other','Updated user: urec_admin','::1','2026-03-03 06:38:04'),(776,4,NULL,'other','Logged out','::1','2026-03-03 06:38:10'),(777,4,NULL,'other','Logged in','::1','2026-03-03 06:38:16'),(778,4,NULL,'other','Logged out','::1','2026-03-03 06:39:17'),(779,1,NULL,'other','Logged in','::1','2026-03-03 06:39:22'),(780,1,NULL,'other','Logged out','::1','2026-03-03 06:59:31'),(781,4,NULL,'other','Logged in','::1','2026-03-03 06:59:46'),(782,1,NULL,'other','Logged in','::1','2026-03-03 07:00:16'),(783,1,NULL,'other','Logged out','::1','2026-03-03 07:02:03'),(784,1,NULL,'other','Logged in','::1','2026-03-03 07:02:11'),(785,1,NULL,'other','Logged out','::1','2026-03-03 07:02:21'),(786,4,NULL,'other','Logged in','::1','2026-03-03 07:03:25'),(787,4,NULL,'other','Logged out','::1','2026-03-03 07:03:52'),(788,1,NULL,'other','Logged in','::1','2026-03-03 07:03:56'),(789,1,NULL,'other','Logged out','::1','2026-03-03 07:04:13'),(790,1,NULL,'other','Logged in','::1','2026-03-03 07:04:22'),(791,1,'UREO-0001','viewed_application','Viewed application details','::1','2026-03-03 07:18:54'),(792,1,NULL,'other','Logged out','::1','2026-03-03 07:18:59'),(793,2,NULL,'other','Logged in','::1','2026-03-03 07:19:03'),(794,2,'UREO-0001','viewed_application','Viewed application details','::1','2026-03-03 07:19:07'),(795,2,NULL,'other','Logged in','::1','2026-03-11 06:26:07'),(796,2,NULL,'other','Logged out','::1','2026-03-11 06:26:40'),(797,1,NULL,'other','Logged in','::1','2026-03-11 06:26:44'),(798,1,NULL,'other','Logged in','::1','2026-03-11 07:06:02'),(799,1,NULL,'other','Logged out','::1','2026-03-11 07:07:39'),(800,2,NULL,'other','Logged in','::1','2026-03-11 07:07:48'),(801,2,'UREO-0001','viewed_application','Viewed application details','::1','2026-03-11 07:08:07'),(802,2,'UREO-0001','viewed_application','Viewed application details','::1','2026-03-11 07:22:09'),(803,2,NULL,'other','Logged in','192.168.1.9','2026-03-11 07:24:05'),(804,2,'UREO-0003','viewed_application','Viewed application details','192.168.1.9','2026-03-11 07:24:09'),(805,2,NULL,'other','Logged out','192.168.1.9','2026-03-11 07:27:44'),(806,1,NULL,'other','Logged in','192.168.1.9','2026-03-11 07:27:53'),(807,1,'UREO-0003','viewed_application','Viewed application details','192.168.1.9','2026-03-11 07:28:03'),(808,1,NULL,'other','Logged out','192.168.1.9','2026-03-11 07:28:36'),(809,2,NULL,'other','Logged in','192.168.1.9','2026-03-11 07:28:42'),(810,2,'UREO-0001','viewed_application','Viewed application details','192.168.1.9','2026-03-11 07:28:47'),(811,2,'UREO-0003','viewed_application','Viewed application details','::1','2026-03-11 07:32:54'),(812,2,'UREO-0003','viewed_application','Viewed application details','::1','2026-03-11 07:48:25'),(813,2,'UREO-0001','viewed_application','Viewed application details','::1','2026-03-11 07:49:43'),(814,2,'UREO-0002','viewed_application','Viewed application details','::1','2026-03-11 07:49:57'),(815,2,'UREO-0001','viewed_application','Reviewed AI classification','192.168.1.9','2026-03-11 07:57:39'),(816,2,'UREO-0002','viewed_application','Viewed application details','192.168.1.9','2026-03-11 08:01:20'),(817,2,'UREO-0002','viewed_application','Reviewed AI classification','192.168.1.9','2026-03-11 08:04:18'),(818,1,NULL,'other','Logged in','::1','2026-03-12 02:48:17'),(819,1,'UREO-0001','viewed_application','Viewed application details','::1','2026-03-12 03:53:44'),(820,1,'UREO-0001','viewed_application','Viewed application details','::1','2026-03-12 03:53:44'),(821,1,'UREO-0002','viewed_application','Viewed application details','::1','2026-03-12 03:57:49'),(822,1,NULL,'other','Logged in','::1','2026-03-12 05:51:54'),(823,2,NULL,'other','Logged in','::1','2026-03-17 00:02:56'),(824,2,'UREO-0001','viewed_application','Viewed application details','::1','2026-03-17 00:03:43'),(825,2,'UREO-0001','viewed_application','Viewed application details','::1','2026-03-17 00:05:28'),(826,2,'UREO-0001','viewed_application','Viewed application details','::1','2026-03-17 00:07:50'),(827,2,NULL,'other','Logged in','::1','2026-03-17 03:11:48'),(828,2,'UREO-0001','viewed_application','Viewed application details','::1','2026-03-17 03:11:59'),(829,2,'UREO-0001','viewed_application','Reviewed AI classification','::1','2026-03-17 03:12:03'),(830,1,NULL,'other','Logged out','::1','2026-03-17 06:31:13'),(831,2,NULL,'other','Logged in','::1','2026-03-17 06:33:20'),(832,2,'UREO-0001','viewed_application','Viewed application details','::1','2026-03-17 06:33:23'),(833,2,'UREO-0001','viewed_application','Reviewed AI classification','::1','2026-03-17 06:35:57'),(834,2,'UREO-0001','reclassified_ai','Updated AI classification with new results','::1','2026-03-17 06:36:20'),(835,2,'UREO-0001','viewed_application','Reviewed AI classification','::1','2026-03-17 06:36:22'),(836,2,'UREO-0001','viewed_application','Viewed application details','::1','2026-03-17 06:37:24'),(837,2,'UREO-0001','viewed_application','Viewed application details','::1','2026-03-17 06:37:51'),(838,2,NULL,'other','Logged out','::1','2026-03-18 03:28:37'),(839,2,NULL,'other','Logged in','::1','2026-03-18 03:28:58'),(840,2,'UREO-0001','viewed_application','Viewed application details','::1','2026-03-18 03:29:06'),(841,2,NULL,'other','Logged out','::1','2026-03-18 04:05:32'),(842,2,NULL,'other','Logged in','::1','2026-03-18 04:05:37'),(843,2,'UREO-0001','viewed_application','Viewed application details','::1','2026-03-18 04:05:40'),(844,2,'UREO-0001','viewed_application','Viewed application details','::1','2026-03-18 04:25:18'),(845,2,'UREO-0001','viewed_application','Viewed application details','::1','2026-03-18 04:43:26'),(846,2,'UREO-0001','viewed_application','Viewed application details','::1','2026-03-18 04:45:39'),(847,2,NULL,'other','Logged out','::1','2026-03-18 06:18:03'),(848,2,NULL,'other','Logged in','::1','2026-03-18 06:33:51'),(849,2,'UREO-0001','viewed_application','Viewed application details','::1','2026-03-18 06:33:55'),(850,2,NULL,'other','Logged out','::1','2026-03-18 23:10:48'),(851,2,NULL,'other','Logged in','::1','2026-03-18 23:10:53'),(852,2,'UREO-0001','viewed_application','Viewed application details','::1','2026-03-18 23:10:57'),(853,2,NULL,'other','Logged in','::1','2026-03-19 05:57:14'),(854,2,'UREO-0001','viewed_application','Viewed application details','::1','2026-03-19 05:57:25'),(855,2,NULL,'other','Logged in','::1','2026-03-19 07:54:27'),(856,2,'UREO-0001','viewed_application','Viewed application details','::1','2026-03-19 07:54:31'),(857,2,NULL,'other','Logged in','::1','2026-03-19 08:31:39'),(858,2,NULL,'other','Logged in','::1','2026-03-22 02:13:55'),(859,2,NULL,'other','Logged in','::1','2026-03-23 08:29:59'),(860,2,'UREO-0001','viewed_application','Viewed application details','::1','2026-03-23 08:30:12'),(861,2,'UREO-0001','viewed_application','Viewed application details','::1','2026-03-23 08:43:52'),(862,2,NULL,'other','Logged in','::1','2026-03-24 03:50:40'),(863,2,'UREO-0003','viewed_application','Viewed application details','::1','2026-03-24 03:50:44'),(864,2,NULL,'other','Logged in','::1','2026-03-24 04:28:38'),(865,2,'UREO-0001','viewed_application','Viewed application details','::1','2026-03-24 04:28:43'),(866,2,'UREO-0001','viewed_application','Viewed application details','::1','2026-03-24 04:30:56'),(869,2,'UREO-0001','viewed_application','Viewed application details','::1','2026-03-24 04:41:03'),(871,2,'UREO-0001','viewed_application','Viewed application details','::1','2026-03-24 04:42:00'),(872,2,'UREO-0001','viewed_application','Reviewed AI classification','::1','2026-03-24 04:47:41'),(873,2,'UREO-0001','ai_feedback','Reviewed AI classification: Accepted','::1','2026-03-24 04:47:51'),(874,2,'UREO-0001','viewed_application','Viewed application details','::1','2026-03-24 04:47:52'),(876,2,NULL,'other','Logged in','::1','2026-03-24 05:04:48'),(877,2,NULL,'other','Logged in','::1','2026-03-24 05:08:24'),(878,2,'UREO-0001','viewed_application','Viewed application details','::1','2026-03-24 05:08:32'),(880,2,'UREO-0001','other','Generated annotated QF-02 PDF','::1','2026-03-24 05:24:32'),(881,2,'UREO-0001','viewed_application','Viewed application details','::1','2026-03-24 05:24:34'),(883,2,'UREO-0001','viewed_application','Viewed application details','::1','2026-03-24 05:28:56'),(884,2,'UREO-0001','viewed_application','Viewed application details','::1','2026-03-24 05:29:25'),(886,2,'UREO-0001','viewed_application','Viewed application details','::1','2026-03-24 05:33:10'),(887,2,'UREO-0001','viewed_application','Viewed application details','::1','2026-03-24 05:33:26'),(888,2,'UREO-0001','viewed_application','Viewed application details','::1','2026-03-24 05:38:13'),(890,2,'UREO-0001','viewed_application','Viewed application details','::1','2026-03-24 05:40:42'),(892,2,'UREO-0001','viewed_application','Viewed application details','::1','2026-03-24 05:41:38'),(893,2,'UREO-0001','viewed_application','Viewed application details','::1','2026-03-24 05:44:14'),(895,2,'UREO-0001','viewed_application','Viewed application details','::1','2026-03-24 05:46:47'),(898,2,NULL,'other','Logged in','::1','2026-03-24 07:25:45'),(899,2,'UREO-0001','viewed_application','Viewed application details','::1','2026-03-24 07:25:58'),(901,2,NULL,'other','Logged in','::1','2026-03-24 07:31:38'),(902,2,'UREO-0001','viewed_application','Viewed application details','::1','2026-03-24 07:31:41'),(904,2,'UREO-0001','viewed_application','Viewed application details','::1','2026-03-24 07:35:02'),(906,1,'UREO-0001','viewed_application','Viewed application details','::1','2026-03-24 07:47:55'),(907,1,NULL,'other','Logged out','::1','2026-03-24 07:47:59'),(908,2,NULL,'other','Logged in','::1','2026-03-24 07:48:03'),(909,2,'UREO-0001','viewed_application','Viewed application details','::1','2026-03-24 07:48:06'),(911,2,'UREO-0001','viewed_application','Viewed application details','::1','2026-03-24 07:54:56'),(913,2,'UREO-0001','viewed_application','Viewed application details','::1','2026-03-24 07:58:17'),(914,2,'UREO-0001','approved','Application approved with expedited review','::1','2026-03-24 07:58:29'),(915,2,'UREO-0001','viewed_application','Viewed application details','::1','2026-03-24 08:00:27'),(916,2,'UREO-0001','approved','Application approved with expedited review','::1','2026-03-24 08:00:39'),(917,2,'UREO-0001','viewed_application','Viewed application details','::1','2026-03-24 08:01:42'),(918,2,'UREO-0001','approved','Application approved with expedited review','::1','2026-03-24 08:01:46'),(919,2,'UREO-0001','viewed_application','Viewed application details','::1','2026-03-24 08:07:45'),(920,2,'UREO-0001','viewed_application','Viewed application details','::1','2026-03-24 08:07:53'),(921,2,'UREO-0001','approved','Application approved with expedited review','::1','2026-03-24 08:07:58'),(922,2,'UREO-0001','approved','Application approved with expedited review','::1','2026-03-24 08:08:22'),(923,2,'UREO-0001','viewed_application','Viewed application details','::1','2026-03-24 08:11:27'),(924,2,'UREO-0001','viewed_application','Viewed application details','::1','2026-03-24 08:11:35'),(925,2,'UREO-0001','approved','Application approved with expedited review','::1','2026-03-24 08:11:39'),(926,2,'UREO-0001','viewed_application','Viewed application details','::1','2026-03-24 08:16:00'),(927,2,'UREO-0001','viewed_application','Viewed application details','::1','2026-03-24 08:16:07'),(928,2,'UREO-0001','approved','Application approved with expedited review','::1','2026-03-24 08:16:10'),(929,2,'UREO-0001','approved','Application approved with expedited review','::1','2026-03-24 08:26:08'),(930,2,'UREO-0001','viewed_application','Viewed application details','::1','2026-03-24 08:27:21'),(931,2,'UREO-0001','approved','Application approved with expedited review','::1','2026-03-24 08:27:25'),(932,2,'UREO-0001','viewed_application','Viewed application details','::1','2026-03-24 08:28:50'),(933,2,'UREO-0001','approved','Application approved with expedited review','::1','2026-03-24 08:28:53'),(934,2,'UREO-0001','viewed_application','Viewed application details','::1','2026-03-24 08:32:04'),(935,2,'UREO-0001','approved','Application approved with expedited review','::1','2026-03-24 08:32:07'),(936,2,'UREO-0001','approved','Application approved with expedited review','::1','2026-03-24 08:32:17'),(937,1,'UREO-0001','viewed_application','Viewed application details','::1','2026-03-24 08:39:28'),(938,1,NULL,'other','Logged out','::1','2026-03-24 08:39:33'),(939,2,NULL,'other','Logged in','::1','2026-03-24 08:39:36'),(940,2,'UREO-0001','viewed_application','Viewed application details','::1','2026-03-24 08:39:40'),(941,2,'UREO-0001','viewed_application','Viewed application details','::1','2026-03-24 08:39:45'),(942,2,'UREO-0001','approved','Application approved with expedited review','::1','2026-03-24 08:39:49'),(943,2,'UREO-0001','viewed_application','Viewed application details','::1','2026-03-24 08:39:49'),(944,2,NULL,'other','Logged out','::1','2026-03-24 08:40:02'),(945,2,NULL,'other','Logged in','::1','2026-03-25 01:46:12'),(946,2,'UREO-0001','viewed_application','Viewed application details','::1','2026-03-25 01:46:17'),(947,2,NULL,'other','Logged in','::1','2026-03-26 00:17:45'),(948,2,'UREO-0002','viewed_application','Viewed application details','::1','2026-03-26 00:17:50'),(949,2,'UREO-0002','approved','Application approved with exempt review','::1','2026-03-26 00:18:25'),(950,2,'UREO-0002','viewed_application','Viewed application details','::1','2026-03-26 00:18:26'),(951,2,'UREO-0001','viewed_application','Viewed application details','::1','2026-03-26 00:35:56'),(952,2,'UREO-0001','approved','Application approved with expedited review','::1','2026-03-26 00:36:00'),(953,2,'UREO-0001','viewed_application','Viewed application details','::1','2026-03-26 00:36:42'),(954,2,'UREO-0001','approved','Application approved with expedited review','::1','2026-03-26 00:36:46'),(955,2,'UREO-0001','viewed_application','Viewed application details','::1','2026-03-26 00:43:26'),(956,2,'UREO-0001','viewed_application','Viewed application details','::1','2026-03-26 01:02:34'),(957,2,'UREO-0001','approved','Application approved with expedited review','::1','2026-03-26 01:02:39'),(958,2,'UREO-0001','viewed_application','Viewed application details','::1','2026-03-26 01:27:11'),(959,2,NULL,'other','Logged in','::1','2026-03-26 05:26:05'),(960,2,'UREO-0001','viewed_application','Viewed application details','::1','2026-03-26 05:26:11'),(961,2,'UREO-0001','viewed_application','Viewed application details','::1','2026-03-26 05:26:19'),(962,2,'UREO-0001','viewed_application','Viewed application details','::1','2026-03-26 05:26:54'),(963,2,'UREO-0001','viewed_application','Viewed application details','::1','2026-03-26 05:27:15'),(964,2,'UREO-0001','viewed_application','Viewed application details','::1','2026-03-26 05:27:51'),(965,2,'UREO-0001','viewed_application','Viewed application details','::1','2026-03-26 05:28:17'),(966,2,'UREO-0001','approved','Application approved with expedited review','::1','2026-03-26 05:28:23'),(967,2,'UREO-0001','viewed_application','Viewed application details','::1','2026-03-26 05:33:36'),(968,2,'UREO-0001','approved','Application approved with expedited review','::1','2026-03-26 05:33:39'),(969,2,'UREO-0001','viewed_application','Viewed application details','::1','2026-03-26 05:33:42'),(970,2,'UREO-0001','viewed_application','Viewed application details','::1','2026-03-26 05:50:02'),(971,2,NULL,'other','Logged in','::1','2026-04-07 05:25:35'),(972,2,'UREO-0002','viewed_application','Viewed application details','::1','2026-04-07 05:25:53'),(973,2,NULL,'other','Logged in','::1','2026-04-07 05:48:42'),(974,2,NULL,'other','Logged in','::1','2026-04-07 06:15:51'),(975,2,'UREO-0001','viewed_application','Viewed application details','::1','2026-04-07 06:15:53'),(976,2,'UREO-0001','viewed_application','Viewed application details','::1','2026-04-07 06:20:46'),(977,2,'UREO-0001','viewed_application','Reviewed AI classification','::1','2026-04-07 06:21:10'),(978,2,NULL,'other','Logged in','::1','2026-04-07 07:51:41'),(979,2,'UREO-0001','viewed_application','Viewed application details','::1','2026-04-07 07:51:55'),(980,2,'UREO-0001','viewed_application','Viewed application details','::1','2026-04-07 07:52:04'),(981,2,'UREO-0001','viewed_application','Viewed application details','::1','2026-04-07 07:52:41'),(982,2,'UREO-0001','approved','Application approved with expedited review','::1','2026-04-07 07:52:44'),(983,2,'UREO-0001','viewed_application','Viewed application details','::1','2026-04-07 07:52:45'),(984,2,'UREO-0001','viewed_application','Viewed application details','::1','2026-04-07 08:00:25'),(985,2,'UREO-0001','viewed_application','Viewed application details','::1','2026-04-07 08:00:47'),(986,2,'UREO-0001','viewed_application','Viewed application details','::1','2026-04-07 08:03:04'),(987,2,NULL,'other','Logged in','::1','2026-04-07 08:57:31'),(988,2,'UREO-0001','viewed_application','Viewed application details','::1','2026-04-07 08:57:34'),(989,2,NULL,'other','Logged out','::1','2026-04-07 08:58:12'),(990,2,NULL,'other','Logged in','::1','2026-04-07 08:58:20'),(991,2,'UREO-0002','viewed_application','Viewed application details','::1','2026-04-07 08:58:22'),(992,2,'UREO-0002','viewed_application','Viewed application details','::1','2026-04-07 08:58:31'),(993,2,'UREO-0002','viewed_application','Viewed application details','::1','2026-04-07 08:58:32'),(994,2,'UREO-0002','viewed_application','Viewed application details','::1','2026-04-07 08:58:32'),(995,2,'UREO-0002','viewed_application','Viewed application details','::1','2026-04-07 09:18:44'),(996,2,'UREO-0002','viewed_application','Viewed application details','::1','2026-04-07 09:25:01'),(997,2,'UREO-0002','viewed_application','Viewed application details','::1','2026-04-07 09:25:20'),(998,2,NULL,'other','Logged in','::1','2026-04-08 01:32:13'),(999,2,'UREO-0001','viewed_application','Viewed application details','::1','2026-04-08 01:33:11'),(1000,5,NULL,'other','UREC Member Logged in','::1','2026-04-08 05:11:29'),(1001,2,NULL,'other','Logged out','::1','2026-04-08 06:58:40'),(1002,2,NULL,'other','Logged in','::1','2026-04-08 07:00:03'),(1003,2,'UREO-0001','viewed_application','Viewed application details','::1','2026-04-08 07:00:16'),(1004,2,NULL,'other','Logged in','::1','2026-04-08 08:39:47'),(1005,2,'UREO-0001','viewed_application','Viewed application details','::1','2026-04-08 08:39:52'),(1006,2,'UREO-0001','viewed_application','Viewed application details','::1','2026-04-08 08:40:23'),(1007,2,'UREO-0001','viewed_application','Viewed application details','::1','2026-04-08 08:40:58'),(1008,2,'UREO-0001','viewed_application','Viewed application details','::1','2026-04-08 08:41:25'),(1009,2,'UREO-0001','viewed_application','Viewed application details','::1','2026-04-08 08:41:35'),(1010,2,'UREO-0001','viewed_application','Viewed application details','::1','2026-04-08 08:41:41'),(1011,5,NULL,'other','UREC Member Logged in','::1','2026-04-08 08:42:23'),(1012,5,'UREO-0001','viewed_application','Viewed application details','::1','2026-04-08 08:42:44'),(1013,5,'UREO-0001','viewed_application','Viewed application details','::1','2026-04-08 08:42:53'),(1014,5,'UREO-0001','viewed_application','Viewed application details','::1','2026-04-08 08:42:54'),(1015,5,NULL,'other','Logged out','::1','2026-04-08 08:43:01'),(1016,2,NULL,'other','Logged in','::1','2026-04-08 08:43:06'),(1017,2,'UREO-0001','viewed_application','Viewed application details','::1','2026-04-08 08:43:09'),(1018,2,NULL,'other','Logged in','::1','2026-04-08 08:43:30'),(1019,2,'UREO-0001','viewed_application','Viewed application details','::1','2026-04-08 08:43:34'),(1020,2,'UREO-0001','viewed_application','Viewed application details','::1','2026-04-08 08:43:43'),(1021,5,NULL,'other','UREC Member Logged in','::1','2026-04-08 08:44:05'),(1022,5,'UREO-0001','viewed_application','Viewed application details','::1','2026-04-08 08:47:52'),(1023,5,'UREO-0001','viewed_application','Viewed application details','::1','2026-04-08 08:47:56'),(1024,2,'UREO-0001','viewed_application','Viewed application details','::1','2026-04-08 08:48:02'),(1025,2,'UREO-0001','viewed_application','Viewed application details','::1','2026-04-08 08:48:05'),(1026,2,'UREO-0001','viewed_application','Viewed application details','::1','2026-04-08 08:48:13'),(1027,2,'UREO-0001','viewed_application','Viewed application details','::1','2026-04-08 08:53:42'),(1029,2,'UREO-0001','viewed_application','Viewed application details','::1','2026-04-08 08:54:34'),(1030,5,NULL,'other','UREC Member Logged in','::1','2026-04-14 04:48:47'),(1031,2,NULL,'other','Logged in','::1','2026-04-15 04:18:22'),(1032,2,'UREO-0001','viewed_application','Viewed application details','::1','2026-04-15 04:18:31'),(1033,2,NULL,'other','Logged in','::1','2026-04-15 23:58:36'),(1034,2,'UREO-0001','viewed_application','Viewed application details','::1','2026-04-15 23:58:49'),(1035,2,'UREO-0002','viewed_application','Viewed application details','::1','2026-04-15 23:58:58'),(1036,2,'UREO-0001','viewed_application','Viewed application details','::1','2026-04-15 23:59:04'),(1037,2,'UREO-0002','viewed_application','Viewed application details','::1','2026-04-15 23:59:09'),(1038,2,'UREO-0003','viewed_application','Viewed application details','::1','2026-04-15 23:59:17'),(1039,2,NULL,'other','Logged in','::1','2026-04-16 01:34:33'),(1040,2,NULL,'other','Logged in','::1','2026-04-18 04:33:41'),(1041,2,NULL,'other','Logged in','::1','2026-04-18 05:17:19'),(1042,2,'UREO-0003','other','Auto-claimed application for review','::1','2026-04-18 05:17:22'),(1043,2,'UREO-0003','viewed_application','Viewed application details','::1','2026-04-18 05:17:22'),(1044,2,'UREO-0001','viewed_application','Viewed application details','::1','2026-04-18 05:17:42'),(1045,2,'UREO-0001','viewed_application','Viewed application details','::1','2026-04-18 05:41:09'),(1046,2,'UREO-0001','viewed_application','Viewed application details','::1','2026-04-18 05:41:40'),(1047,2,'UREO-0001','viewed_application','Viewed application details','::1','2026-04-18 05:41:58'),(1048,2,'UREO-0001','viewed_application','Viewed application details','::1','2026-04-18 05:42:17'),(1049,2,'UREO-0001','viewed_application','Viewed application details','::1','2026-04-18 05:42:22'),(1050,2,'UREO-0001','viewed_application','Viewed application details','::1','2026-04-18 05:42:35'),(1051,2,NULL,'other','Logged in','::1','2026-04-19 23:49:44'),(1052,2,'UREO-0003','viewed_application','Viewed application details','::1','2026-04-19 23:49:48'),(1053,2,'UREO-0003','viewed_application','Viewed application details','::1','2026-04-19 23:50:04'),(1054,2,'UREO-0001','viewed_application','Viewed application details','::1','2026-04-19 23:50:09'),(1055,2,'UREO-0001','viewed_application','Viewed application details','::1','2026-04-19 23:51:09'),(1056,2,'UREO-0001','viewed_application','Viewed application details','::1','2026-04-19 23:51:14'),(1057,2,'UREO-0001','viewed_application','Viewed application details','::1','2026-04-19 23:52:03'),(1058,2,'UREO-0001','viewed_application','Viewed application details','::1','2026-04-19 23:52:52'),(1059,2,NULL,'other','Logged in','::1','2026-04-20 01:48:38'),(1060,2,'UREO-0001','viewed_application','Viewed application details','::1','2026-04-20 01:48:41'),(1061,2,'UREO-0001','viewed_application','Viewed application details','::1','2026-04-20 01:48:59'),(1062,2,'UREO-0001','viewed_application','Viewed application details','::1','2026-04-20 01:53:34'),(1063,2,'UREO-0001','viewed_application','Viewed application details','::1','2026-04-20 01:55:26'),(1064,2,'UREO-0001','viewed_application','Viewed application details','::1','2026-04-20 01:55:42'),(1065,2,'UREO-0001','viewed_application','Viewed application details','::1','2026-04-20 01:56:01'),(1066,2,NULL,'other','Logged in','::1','2026-04-20 02:50:45'),(1067,2,'UREO-0001','viewed_application','Viewed application details','::1','2026-04-20 02:50:48'),(1068,2,NULL,'other','Logged in','::1','2026-04-20 04:02:11'),(1069,2,'UREO-0001','viewed_application','Viewed application details','::1','2026-04-20 04:02:13'),(1070,2,'UREO-0001','viewed_application','Viewed application details','::1','2026-04-20 04:02:58'),(1071,2,'UREO-0001','viewed_application','Viewed application details','::1','2026-04-20 04:03:02'),(1072,2,'UREO-0001','viewed_application','Viewed application details','::1','2026-04-20 04:07:10'),(1073,2,'UREO-0001','viewed_application','Viewed application details','::1','2026-04-20 04:07:23'),(1074,2,'UREO-0001','viewed_application','Viewed application details','::1','2026-04-20 04:07:36'),(1075,2,'UREO-0001','viewed_application','Viewed application details','::1','2026-04-20 04:07:58'),(1076,2,'UREO-0001','viewed_application','Viewed application details','::1','2026-04-20 04:09:26'),(1077,2,'UREO-0001','viewed_application','Viewed application details','::1','2026-04-20 04:09:48'),(1078,2,'UREO-0001','viewed_application','Viewed application details','::1','2026-04-20 04:09:52'),(1079,2,'UREO-0001','viewed_application','Viewed application details','::1','2026-04-20 04:11:21'),(1080,2,'UREO-0001','viewed_application','Viewed application details','::1','2026-04-20 04:11:30'),(1081,2,NULL,'other','Logged in','::1','2026-04-20 04:46:19'),(1082,2,'UREO-0001','viewed_application','Viewed application details','::1','2026-04-20 04:46:22'),(1083,2,'UREO-0001','viewed_application','Viewed application details','::1','2026-04-20 04:46:33'),(1084,2,'UREO-0001','viewed_application','Viewed application details','::1','2026-04-20 04:46:38'),(1085,2,'UREO-0001','viewed_application','Viewed application details','::1','2026-04-20 04:46:44'),(1086,2,NULL,'other','Logged in','::1','2026-04-20 05:25:26'),(1087,2,'UREO-0001','viewed_application','Viewed application details','::1','2026-04-20 05:25:50'),(1088,2,'UREO-0001','viewed_application','Viewed application details','::1','2026-04-20 05:26:05'),(1089,2,'UREO-0001','viewed_application','Viewed application details','::1','2026-04-20 05:26:09'),(1090,2,'UREO-0001','viewed_application','Viewed application details','::1','2026-04-20 05:26:34'),(1091,2,NULL,'other','Logged in','::1','2026-04-21 00:12:21'),(1092,2,'UREO-0001','viewed_application','Viewed application details','::1','2026-04-21 00:12:32'),(1094,2,'UREO-0001','viewed_application','Viewed application details','::1','2026-04-21 00:13:33'),(1095,2,'UREO-0001','viewed_application','Viewed application details','::1','2026-04-21 00:29:36'),(1096,2,'UREO-0001','other','Added remarks to qf02 form filler','::1','2026-04-21 00:29:39'),(1097,2,'UREO-0001','viewed_application','Viewed application details','::1','2026-04-21 00:29:49'),(1098,2,'UREO-0001','viewed_application','Viewed application details','::1','2026-04-21 00:29:50'),(1099,2,'UREO-0001','viewed_application','Viewed application details','::1','2026-04-21 00:32:25'),(1100,2,'UREO-0001','viewed_application','Viewed application details','::1','2026-04-21 00:32:26'),(1101,2,NULL,'other','Logged in','::1','2026-04-21 01:14:52'),(1102,2,NULL,'other','Logged in','::1','2026-04-21 03:27:05'),(1103,2,'UREO-0001','viewed_application','Viewed application details','::1','2026-04-21 03:27:26'),(1104,2,'UREO-0001','viewed_application','Viewed application details','::1','2026-04-21 03:27:33'),(1105,2,'UREO-0001','viewed_application','Viewed application details','::1','2026-04-21 03:27:42'),(1106,2,'UREO-0001','viewed_application','Viewed application details','::1','2026-04-21 03:28:38'),(1107,2,NULL,'other','Logged in','::1','2026-04-21 04:04:49'),(1108,2,'UREO-0001','viewed_application','Viewed application details','::1','2026-04-21 04:04:52'),(1109,2,'UREO-0001','viewed_application','Viewed application details','::1','2026-04-21 04:05:00'),(1110,2,'UREO-0001','viewed_application','Viewed application details','::1','2026-04-21 04:05:05'),(1111,2,NULL,'other','Logged in','::1','2026-04-21 13:12:48'),(1112,2,'UREO-0001','viewed_application','Viewed application details','::1','2026-04-21 13:13:01'),(1113,2,'UREO-0001','viewed_application','Viewed application details','::1','2026-04-21 13:13:08'),(1114,2,'UREO-0001','viewed_application','Viewed application details','::1','2026-04-21 13:28:51'),(1115,2,'UREO-0001','viewed_application','Viewed application details','::1','2026-04-21 13:29:13'),(1116,5,NULL,'other','UREC Member Logged in','::1','2026-04-21 13:43:54'),(1118,2,'UREO-0001','viewed_application','Viewed application details','::1','2026-04-21 13:45:59'),(1119,2,'UREO-0001','viewed_application','Viewed application details','::1','2026-04-21 13:50:30'),(1121,2,'UREO-0001','viewed_application','Viewed application details','::1','2026-04-21 14:20:15'),(1122,2,'UREO-0001','other','Forwarded application to UREC HUMAN_USE committee','::1','2026-04-21 14:20:19'),(1123,2,'UREO-0001','viewed_application','Viewed application details','::1','2026-04-21 14:20:24'),(1124,2,NULL,'other','Logged in','::1','2026-04-21 15:07:01'),(1125,5,NULL,'other','UREC Member Logged in','192.168.1.22','2026-04-22 02:00:33'),(1126,2,NULL,'other','Logged in','::1','2026-04-22 02:32:58'),(1127,2,'UREO-0003','viewed_application','Viewed application details','::1','2026-04-22 02:33:02'),(1128,2,'UREO-0001','viewed_application','Viewed application details','::1','2026-04-22 02:33:07'),(1129,2,'UREO-0001','viewed_application','Viewed application details','::1','2026-04-22 02:34:16'),(1130,2,'UREO-0001','viewed_application','Viewed application details','::1','2026-04-22 02:35:52'),(1131,2,'UREO-0001','viewed_application','Viewed application details','::1','2026-04-22 02:52:13'),(1132,5,NULL,'other','UREC Member Logged in','::1','2026-04-28 02:31:52'),(1133,2,NULL,'other','Logged in','::1','2026-04-30 03:47:32'),(1134,2,NULL,'other','Logged out','::1','2026-04-30 03:47:53'),(1135,5,NULL,'other','Logged in','::1','2026-04-30 03:47:57'),(1136,5,NULL,'other','Logged out','::1','2026-04-30 03:48:15'),(1137,5,NULL,'other','UREC Member Logged in','::1','2026-04-30 03:48:25'),(1138,1,NULL,'other','Logged in','::1','2026-05-19 03:12:43'),(1139,1,NULL,'other','Logged out','::1','2026-05-19 03:13:13'),(1140,2,NULL,'other','Logged in','::1','2026-05-19 03:13:24'),(1141,3,NULL,'other','Logged out','172.16.67.96','2026-05-19 03:13:46'),(1142,2,NULL,'other','Logged in','::1','2026-05-19 03:29:43'),(1143,5,NULL,'other','UREC Member Logged in','::1','2026-05-19 03:34:16'),(1144,2,NULL,'other','Logged in','::1','2026-05-19 03:34:45'),(1145,2,'UREO-0003','viewed_application','Viewed application details','::1','2026-05-19 03:36:23'),(1146,2,'UREO-0003','viewed_application','Viewed application details','::1','2026-05-19 03:36:34'),(1147,2,'UREO-0001','viewed_application','Viewed application details','::1','2026-05-19 03:36:37'),(1148,2,'UREO-0001','viewed_application','Viewed application details','::1','2026-05-19 03:36:46'),(1149,2,'UREO-0001','viewed_application','Viewed application details','::1','2026-05-19 03:37:26'),(1150,2,'UREO-0001','viewed_application','Viewed application details','::1','2026-05-19 03:37:39'),(1151,2,'UREO-0003','viewed_application','Viewed application details','::1','2026-05-19 03:39:38'),(1152,2,'UREO-0002','viewed_application','Viewed application details','::1','2026-05-19 03:39:41'),(1153,1,NULL,'other','Logged in','::1','2026-05-19 03:40:26'),(1154,1,NULL,'other','Created user: urec_animal_use (staff)','::1','2026-05-19 03:41:44'),(1155,1,NULL,'other','Updated user: urec_animal_use','::1','2026-05-19 03:42:08'),(1156,5,NULL,'other','UREC Member Logged out','::1','2026-05-19 03:42:14'),(1157,7,NULL,'other','UREC Member Logged in','::1','2026-05-19 03:52:54'),(1158,7,NULL,'other','UREC Member Logged out','::1','2026-05-19 03:53:01'),(1159,2,NULL,'other','Logged in','::1','2026-05-19 03:58:12'),(1160,2,'UREO-0004','other','Auto-claimed application for review','::1','2026-05-19 03:58:45'),(1161,2,'UREO-0004','viewed_application','Viewed application details','::1','2026-05-19 03:58:45'),(1162,2,'UREO-0004','viewed_application','Viewed application details','::1','2026-05-19 03:59:11'),(1163,2,NULL,'other','Logged out','::1','2026-05-19 03:59:33'),(1164,5,NULL,'other','UREC Member Logged in','::1','2026-05-19 03:59:56'),(1165,1,NULL,'other','Logged out','::1','2026-05-19 04:08:29'),(1166,2,NULL,'other','Logged in','::1','2026-05-26 01:54:19'),(1167,2,'UREO-0003','viewed_application','Viewed application details','::1','2026-05-26 01:54:36'),(1168,2,'UREO-0003','viewed_application','Viewed application details','::1','2026-05-26 01:55:19'),(1169,2,'UREO-0003','viewed_application','Viewed application details','::1','2026-05-26 02:07:59'),(1170,2,'UREO-0003','viewed_application','Viewed application details','::1','2026-05-26 02:10:02'),(1171,2,'UREO-0003','viewed_application','Viewed application details','::1','2026-05-26 02:14:58'),(1172,2,'UREO-0003','viewed_application','Viewed application details','::1','2026-05-26 02:25:56'),(1173,2,'UREO-0003','viewed_application','Viewed application details','::1','2026-05-26 02:26:21'),(1174,2,'UREO-0003','viewed_application','Viewed application details','::1','2026-05-26 02:42:42'),(1175,2,'UREO-0003','viewed_application','Reviewed AI classification','::1','2026-05-26 02:45:29'),(1176,1,'UREO-0003','other','System auto-progressed application from INTENT_RECEIVED to UNDER_AUTO_REVIEW (forms completed)',NULL,'2026-05-26 02:53:15'),(1177,2,'UREO-0003','viewed_application','Viewed application details','::1','2026-05-26 02:53:28'),(1178,2,'UREO-0003','viewed_application','Reviewed AI classification','::1','2026-05-26 02:56:26'),(1179,2,'UREO-0003','ai_feedback','Reviewed AI classification: Accepted','::1','2026-05-26 03:26:25'),(1180,2,'UREO-0003','ai_feedback','Reviewed AI classification: Accepted','::1','2026-05-26 03:26:43'),(1181,2,NULL,'other','Logged in','::1','2026-05-26 03:27:04'),(1182,2,'UREO-0003','viewed_application','Viewed application details','::1','2026-05-26 03:27:12'),(1183,2,'UREO-0003','approved','Application approved with exempt review','::1','2026-05-26 03:27:33'),(1184,2,'UREO-0003','viewed_application','Viewed application details','::1','2026-05-26 03:27:33'),(1185,8,NULL,'other','UREC Member Logged in','::1','2026-05-26 03:32:19'),(1186,2,'UREO-0003','viewed_application','Viewed application details','::1','2026-05-26 03:32:38'),(1187,2,'UREO-0003','viewed_application','Viewed application details','::1','2026-05-26 03:32:40'),(1188,2,'UREO-0003','viewed_application','Viewed application details','::1','2026-05-26 03:33:06'),(1189,1,'UREO-0003','other','AI-based committee assignment: Plant Use → Committee ID 3 (Staff confirmed)',NULL,'2026-05-26 03:43:53'),(1190,9,NULL,'other','UREC Member Logged in','::1','2026-05-26 03:56:29'),(1195,8,'UREO-0003','other','Reset evaluator assignment. Previous evaluator: 8','::1','2026-05-26 04:26:46'),(1196,8,'UREO-0003','other','Assigned as evaluator (Primary)',NULL,'2026-05-26 04:26:59'),(1197,9,'UREO-0003','other','Assigned as evaluator (Secondary)',NULL,'2026-05-26 04:26:59'),(1198,8,'UREO-0003','other','Assigned 2 evaluators (IDs: 8, 9) to application','::1','2026-05-26 04:26:59'),(1199,8,'UREO-0003','other','Reset evaluator assignment. Previous evaluator: 8','::1','2026-05-26 04:31:09'),(1200,8,'UREO-0003','other','Reset evaluator assignment. Previous evaluator: 8','::1','2026-05-26 04:31:48'),(1201,8,'UREO-0003','other','Assigned as evaluator (Primary)',NULL,'2026-05-26 04:31:54'),(1202,9,'UREO-0003','other','Assigned as evaluator (Secondary)',NULL,'2026-05-26 04:31:54'),(1203,8,'UREO-0003','other','Assigned 2 evaluators (IDs: 8, 9) to application','::1','2026-05-26 04:31:54'),(1204,2,NULL,'other','Logged in','::1','2026-05-26 04:34:55'),(1205,2,'UREO-0003','viewed_application','Viewed application details','::1','2026-05-26 04:34:59'),(1206,8,'UREO-0003','other','Reset evaluator assignment. Previous evaluator: 8','::1','2026-05-26 04:35:30'),(1207,8,'UREO-0003','other','Assigned as evaluator (Primary)',NULL,'2026-05-26 04:35:38'),(1208,9,'UREO-0003','other','Assigned as evaluator (Secondary)',NULL,'2026-05-26 04:35:38'),(1209,8,'UREO-0003','other','Assigned 2 evaluators (IDs: 8, 9) to application','::1','2026-05-26 04:35:38'),(1210,8,'UREO-0003','other','Reset evaluator assignment. Previous evaluator: 8','::1','2026-05-26 04:35:58'),(1211,8,NULL,'other','UREC Member Logged out','::1','2026-05-26 04:37:36'),(1212,8,NULL,'other','UREC Member Logged in','::1','2026-05-26 04:37:47'),(1213,3,NULL,'other','Logged out','::1','2026-06-10 14:09:46'),(1214,1,NULL,'other','Logged in','::1','2026-06-10 14:09:57'),(1215,1,NULL,'other','Logged out','::1','2026-06-10 14:10:22'),(1216,2,NULL,'other','Logged in','::1','2026-06-10 14:10:48'),(1217,2,'UREO-0002','viewed_application','Viewed application details','::1','2026-06-10 14:10:58'),(1218,2,'UREO-0002','viewed_application','Reviewed AI classification','::1','2026-06-10 14:11:02'),(1219,2,'UREO-0002','viewed_application','Viewed application details','::1','2026-06-10 14:19:18'),(1220,2,'UREO-0002','viewed_application','Reviewed AI classification','::1','2026-06-10 14:19:19'),(1221,2,'UREO-0002','reclassified_ai','Updated AI classification with new results','::1','2026-06-10 14:19:24'),(1222,2,'UREO-0002','viewed_application','Reviewed AI classification','::1','2026-06-10 14:19:26'),(1223,2,'UREO-0002','viewed_application','Reviewed AI classification','::1','2026-06-10 14:22:27'),(1224,2,'UREO-0002','viewed_application','Reviewed AI classification','::1','2026-06-10 14:23:16'),(1225,2,'UREO-0004','viewed_application','Viewed application details','::1','2026-06-10 14:23:32'),(1226,2,'UREO-0004','viewed_application','Viewed application details','::1','2026-06-10 14:23:41'),(1227,2,'UREO-0001','viewed_application','Viewed application details','::1','2026-06-10 14:23:51'),(1228,2,'UREO-0001','viewed_application','Viewed application details','::1','2026-06-10 14:23:58'),(1229,2,'UREO-0001','viewed_application','Viewed application details','::1','2026-06-10 14:24:05'),(1230,2,'UREO-0002','viewed_application','Viewed application details','::1','2026-06-10 14:24:09'),(1231,2,'UREO-0002','viewed_application','Viewed application details','::1','2026-06-10 14:24:18'),(1232,2,'UREO-0002','viewed_application','Viewed application details','::1','2026-06-10 14:24:23'),(1233,2,NULL,'other','Logged out','::1','2026-06-10 14:24:38'),(1234,2,NULL,'other','Logged in','::1','2026-06-10 14:27:22'),(1235,2,'UREO-0004','viewed_application','Viewed application details','::1','2026-06-10 14:27:27'),(1236,2,'UREO-0004','viewed_application','Viewed application details','::1','2026-06-10 14:27:32'),(1237,2,'UREO-0004','viewed_application','Viewed application details','::1','2026-06-10 14:27:41'),(1238,5,NULL,'other','UREC Member Logged in','::1','2026-06-11 08:30:52'),(1239,5,NULL,'other','UREC Member Logged out','::1','2026-06-11 08:31:19'),(1240,8,NULL,'other','UREC Member Logged in','::1','2026-06-11 08:31:56'),(1241,5,NULL,'other','UREC Member Logged in','::1','2026-06-11 08:34:29'),(1242,8,'UREO-0003','other','Assigned as evaluator (Primary)',NULL,'2026-06-11 08:35:03'),(1243,9,'UREO-0003','other','Assigned as evaluator (Secondary)',NULL,'2026-06-11 08:35:03'),(1244,8,'UREO-0003','other','Assigned 2 evaluators (IDs: 8, 9) to application','::1','2026-06-11 08:35:03'),(1245,5,NULL,'other','UREC Member Logged out','::1','2026-06-11 08:35:26'),(1246,9,NULL,'other','UREC Member Logged in','::1','2026-06-11 08:35:45');
/*!40000 ALTER TABLE `staff_logs` ENABLE KEYS */;

--
-- Table structure for table `status_history`
--

DROP TABLE IF EXISTS `status_history`;
/*!40101 SET @saved_cs_client     = @@character_set_client */;
/*!50503 SET character_set_client = utf8mb4 */;
CREATE TABLE `status_history` (
  `history_id` int NOT NULL AUTO_INCREMENT,
  `queue_number` varchar(20) NOT NULL,
  `previous_status` varchar(50) DEFAULT NULL,
  `new_status` varchar(50) NOT NULL,
  `changed_by` int DEFAULT NULL,
  `urec_committee_id` int DEFAULT NULL,
  `urec_review_stage` varchar(50) DEFAULT NULL,
  `changed_by_type` enum('system','staff','admin') NOT NULL,
  `notes` text,
  `timestamp` timestamp NULL DEFAULT CURRENT_TIMESTAMP,
  PRIMARY KEY (`history_id`),
  KEY `changed_by` (`changed_by`),
  KEY `idx_queue` (`queue_number`),
  KEY `idx_urec_committee_history` (`urec_committee_id`),
  CONSTRAINT `status_history_ibfk_1` FOREIGN KEY (`queue_number`) REFERENCES `applications` (`queue_number`) ON DELETE CASCADE,
  CONSTRAINT `status_history_ibfk_2` FOREIGN KEY (`changed_by`) REFERENCES `users` (`user_id`) ON DELETE SET NULL,
  CONSTRAINT `status_history_ibfk_3` FOREIGN KEY (`urec_committee_id`) REFERENCES `urec_committees` (`committee_id`) ON DELETE SET NULL
) ENGINE=InnoDB AUTO_INCREMENT=111 DEFAULT CHARSET=utf8mb4 COLLATE=utf8mb4_0900_ai_ci;
/*!40101 SET character_set_client = @saved_cs_client */;

--
-- Dumping data for table `status_history`
--

/*!40000 ALTER TABLE `status_history` DISABLE KEYS */;
INSERT INTO `status_history` VALUES (19,'UREO-0001','INTENT_RECEIVED','REQUIREMENTS_SENT',NULL,NULL,NULL,'system','Automated requirements list sent','2026-02-16 01:14:41'),(20,'UREO-0001','REQUIREMENTS_SENT','REQUIREMENTS_PENDING',NULL,NULL,NULL,'system','','2026-02-16 01:14:41'),(21,'UREO-0001','REQUIREMENTS_PENDING','UNDER_AUTO_REVIEW',NULL,NULL,NULL,'system','All mandatory documents received','2026-02-16 01:45:43'),(22,'UREO-0001','UNDER_AUTO_REVIEW','REGISTERED',NULL,NULL,NULL,'system','Automatically validated and registered','2026-02-16 01:45:43'),(23,'UREO-0001','REGISTERED','UNDER_STAFF_REVIEW',NULL,NULL,NULL,'system','Application under staff review','2026-02-16 01:45:43'),(24,'UREO-0002','INTENT_RECEIVED','REQUIREMENTS_SENT',NULL,NULL,NULL,'system','Automated requirements list sent','2026-02-16 03:21:56'),(25,'UREO-0002','REQUIREMENTS_SENT','REQUIREMENTS_PENDING',NULL,NULL,NULL,'system','','2026-02-16 03:21:56'),(26,'UREO-0002','REQUIREMENTS_PENDING','UNDER_AUTO_REVIEW',NULL,NULL,NULL,'system','All mandatory documents received','2026-02-16 03:55:06'),(27,'UREO-0002','UNDER_AUTO_REVIEW','REGISTERED',NULL,NULL,NULL,'system','Automatically validated and registered','2026-02-16 03:55:06'),(28,'UREO-0002','REGISTERED','UNDER_STAFF_REVIEW',NULL,NULL,NULL,'system','Application under staff review','2026-02-16 03:55:06'),(29,'UREO-0003','INTENT_RECEIVED','REQUIREMENTS_SENT',NULL,NULL,NULL,'system','Automated requirements list sent','2026-02-20 06:33:42'),(30,'UREO-0003','REQUIREMENTS_SENT','REQUIREMENTS_PENDING',NULL,NULL,NULL,'system','','2026-02-20 06:33:42'),(31,'UREO-0001','CATEGORIZED','CATEGORIZED',1,NULL,NULL,'staff','Status reset for testing purposes','2026-03-24 05:38:07'),(32,'UREO-0001','CATEGORY_FORMS_REQUIRED','CATEGORIZED',1,NULL,NULL,'staff','Status reset for testing purposes','2026-03-24 05:40:31'),(33,'UREO-0001','CATEGORIZED','CATEGORIZED',1,NULL,NULL,'staff','Status reset for testing purposes','2026-03-24 05:40:37'),(34,'UREO-0001','CATEGORY_FORMS_REQUIRED','CATEGORIZED',1,NULL,NULL,'staff','Status reset for testing purposes','2026-03-24 05:42:05'),(35,'UREO-0001','CATEGORIZED','CATEGORIZED',1,NULL,NULL,'staff','Status reset for testing purposes','2026-03-24 05:42:06'),(36,'UREO-0001','CATEGORY_FORMS_REQUIRED','CATEGORIZED',1,NULL,NULL,'staff','Status reset for testing purposes','2026-03-24 05:46:42'),(37,'UREO-0001','CATEGORIZED','CATEGORIZED',1,NULL,NULL,'staff','Status reset for testing purposes','2026-03-24 05:46:43'),(38,'UREO-0001','CATEGORIZED','CATEGORIZED',1,NULL,NULL,'staff','Status reset for testing purposes','2026-03-24 05:49:58'),(39,'UREO-0001','CATEGORIZED','CATEGORIZED',1,NULL,NULL,'staff','Status reset for testing purposes','2026-03-24 05:49:59'),(40,'UREO-0001','CATEGORIZED','CATEGORIZED',1,NULL,NULL,'staff','Status reset for testing purposes','2026-03-24 05:50:03'),(41,'UREO-0001','CATEGORY_FORMS_REQUIRED','CATEGORIZED',1,NULL,NULL,'staff','Status reset for testing purposes','2026-03-24 05:50:10'),(42,'UREO-0001','CATEGORIZED','CATEGORIZED',1,NULL,NULL,'staff','Status reset for testing purposes','2026-03-24 07:20:08'),(43,'UREO-0001','CATEGORIZED','CATEGORIZED',1,NULL,NULL,'staff','Status reset for testing purposes','2026-03-24 07:25:22'),(44,'UREO-0001','CATEGORY_FORMS_REQUIRED','CATEGORIZED',1,NULL,NULL,'staff','Status reset for testing purposes','2026-03-24 07:31:15'),(45,'UREO-0001','CATEGORIZED','CATEGORIZED',1,NULL,NULL,'staff','Status reset for testing purposes','2026-03-24 07:58:12'),(46,'UREO-0001','CATEGORY_FORMS_REQUIRED','CATEGORIZED',1,NULL,NULL,'staff','Status reset for testing purposes','2026-03-24 07:58:53'),(47,'UREO-0001','CATEGORIZED','CATEGORIZED',1,NULL,NULL,'staff','Status reset for testing purposes','2026-03-24 08:00:30'),(48,'UREO-0001','CATEGORY_FORMS_REQUIRED','CATEGORIZED',1,NULL,NULL,'staff','Status reset for testing purposes','2026-03-24 08:01:32'),(49,'UREO-0001','CATEGORY_FORMS_REQUIRED','CATEGORIZED',1,NULL,NULL,'staff','Status reset for testing purposes','2026-03-24 08:07:50'),(50,'UREO-0001','CATEGORY_FORMS_REQUIRED','CATEGORIZED',1,NULL,NULL,'staff','Status reset for testing purposes','2026-03-24 08:08:14'),(51,'UREO-0001','CATEGORY_FORMS_REQUIRED','CATEGORIZED',1,NULL,NULL,'staff','Status reset for testing purposes','2026-03-24 08:11:32'),(52,'UREO-0001','CATEGORY_FORMS_REQUIRED','CATEGORIZED',1,NULL,NULL,'staff','Status reset for testing purposes','2026-03-24 08:16:04'),(53,'UREO-0001','CATEGORY_FORMS_REQUIRED','CATEGORIZED',1,NULL,NULL,'staff','Status reset for testing purposes','2026-03-24 08:16:17'),(54,'UREO-0001','CATEGORY_FORMS_REQUIRED','CATEGORIZED',1,NULL,NULL,'staff','Status reset for testing purposes','2026-03-24 08:27:19'),(55,'UREO-0001','CATEGORY_FORMS_REQUIRED','CATEGORIZED',1,NULL,NULL,'staff','Status reset for testing purposes','2026-03-24 08:28:47'),(56,'UREO-0001','CATEGORY_FORMS_REQUIRED','CATEGORIZED',1,NULL,NULL,'staff','Status reset for testing purposes','2026-03-24 08:32:01'),(57,'UREO-0001','CATEGORY_FORMS_REQUIRED','CATEGORIZED',1,NULL,NULL,'staff','Status reset for testing purposes','2026-03-24 08:32:15'),(58,'UREO-0001','CATEGORY_FORMS_REQUIRED','CATEGORIZED',1,NULL,NULL,'staff','Status reset for testing purposes','2026-03-24 08:34:07'),(59,'UREO-0001','CATEGORY_FORMS_REQUIRED','CATEGORIZED',1,NULL,NULL,'staff','Status reset for testing purposes','2026-03-24 08:34:34'),(60,'UREO-0001','CATEGORY_FORMS_REQUIRED','CATEGORIZED',1,NULL,NULL,'staff','Status reset for testing purposes','2026-03-24 08:35:01'),(61,'UREO-0001','CATEGORIZED','CATEGORY_FORMS_REQUIRED',1,NULL,NULL,'staff','Application approved for Expedited Review','2026-03-24 08:35:15'),(62,'UREO-0001','CATEGORY_FORMS_REQUIRED','CATEGORIZED',1,NULL,NULL,'staff','Status reset for testing purposes','2026-03-24 08:35:39'),(63,'UREO-0001','CATEGORIZED','CATEGORY_FORMS_REQUIRED',1,NULL,NULL,'staff','Application approved for Expedited Review','2026-03-24 08:37:54'),(64,'UREO-0001','CATEGORY_FORMS_REQUIRED','CATEGORIZED',1,NULL,NULL,'staff','Status reset for testing purposes','2026-03-24 08:38:04'),(65,'UREO-0001','CATEGORIZED','CATEGORY_FORMS_REQUIRED',1,NULL,NULL,'staff','Application approved for Expedited Review','2026-03-24 08:39:11'),(66,'UREO-0001','CATEGORY_FORMS_REQUIRED','CATEGORIZED',1,NULL,NULL,'staff','Status reset for testing purposes','2026-03-24 08:39:42'),(67,'UREO-0001','CATEGORIZED','CATEGORY_FORMS_REQUIRED',2,NULL,NULL,'staff','Application approved for Expedited Review','2026-03-24 08:39:49'),(68,'UREO-0002','UNDER_STAFF_REVIEW','UREC_REVIEW_REQUIRED',2,NULL,NULL,'staff','Application approved for Exempt Review','2026-03-26 00:18:26'),(69,'UREO-0001','CATEGORY_FORMS_REQUIRED','CATEGORIZED',1,NULL,NULL,'staff','Status reset for testing purposes','2026-03-26 00:35:03'),(70,'UREO-0001','CATEGORIZED','CATEGORY_FORMS_REQUIRED',2,NULL,NULL,'staff','Application approved for Expedited Review','2026-03-26 00:36:00'),(71,'UREO-0001','CATEGORY_FORMS_REQUIRED','CATEGORIZED',1,NULL,NULL,'staff','Status reset for testing purposes','2026-03-26 00:36:31'),(72,'UREO-0001','CATEGORIZED','CATEGORY_FORMS_REQUIRED',2,NULL,NULL,'staff','Application approved for Expedited Review','2026-03-26 00:36:46'),(73,'UREO-0001','CATEGORY_FORMS_REQUIRED','CATEGORIZED',1,NULL,NULL,'staff','Status reset for testing purposes','2026-03-26 01:02:28'),(74,'UREO-0001','CATEGORIZED','CATEGORY_FORMS_REQUIRED',2,NULL,NULL,'staff','Application approved for Expedited Review','2026-03-26 01:02:39'),(75,'UREO-0001','CATEGORY_FORMS_REQUIRED','CATEGORIZED',1,NULL,NULL,'staff','Status reset for testing purposes','2026-03-26 05:26:17'),(76,'UREO-0001','CATEGORIZED','CATEGORY_FORMS_REQUIRED',2,NULL,NULL,'staff','Application approved for Expedited Review','2026-03-26 05:28:23'),(77,'UREO-0001','CATEGORY_FORMS_REQUIRED','CATEGORIZED',1,NULL,NULL,'staff','Status reset for testing purposes','2026-03-26 05:30:29'),(78,'UREO-0001','CATEGORIZED','CATEGORY_FORMS_REQUIRED',2,NULL,NULL,'staff','Application approved for Expedited Review','2026-03-26 05:33:39'),(79,'UREO-0001','CATEGORY_FORMS_SUBMITTED','CATEGORIZED',1,NULL,NULL,'staff','Status reset for testing purposes','2026-04-07 07:52:34'),(80,'UREO-0001','CATEGORIZED','CATEGORY_FORMS_REQUIRED',2,NULL,NULL,'staff','Application approved for Expedited Review','2026-04-07 07:52:44'),(95,'UREO-0001','CATEGORY_FORMS_SUBMITTED','ASSIGNING_UREC_EVALUATOR',2,NULL,NULL,'staff','Forwarded to UREC HUMAN_USE committee. ','2026-04-21 14:20:19'),(96,'UREO-0004','INTENT_RECEIVED','REQUIREMENTS_SENT',NULL,NULL,NULL,'system','Automated requirements list sent','2026-05-19 03:55:16'),(97,'UREO-0004','REQUIREMENTS_SENT','REQUIREMENTS_PENDING',NULL,NULL,NULL,'system','','2026-05-19 03:55:16'),(99,'UREO-0003','INTENT_RECEIVED','UNDER_AUTO_REVIEW',1,NULL,NULL,'system','Auto-progressed: All required forms (QF01, QF02, Category) completed. Moving to automated review.','2026-05-26 02:53:15'),(100,'UREO-0003','UNDER_AUTO_REVIEW','UREC_REVIEW_REQUIRED',2,NULL,NULL,'staff','Application approved for Exempt Review','2026-05-26 03:27:33'),(101,'UREO-0003','UREC_REVIEW_REQUIRED','FORWARDED_TO_UREC',1,NULL,NULL,'system','System assigned to committee based on AI classification: Plant Use (Committee ID: 3) - Staff reviewed and confirmed','2026-05-26 03:43:53'),(106,'UREO-0003','UNDER_ETHICAL_REVIEW','ASSIGNING_UREC_EVALUATOR',8,NULL,NULL,'staff','Reset evaluator assignment. Previous evaluator: 8. Reason: None','2026-05-26 04:26:46'),(107,'UREO-0003','UNDER_ETHICAL_REVIEW','ASSIGNING_UREC_EVALUATOR',8,NULL,NULL,'staff','Reset evaluator assignment. Previous evaluator: 8. Reason: none','2026-05-26 04:31:09'),(108,'UREO-0003','UNDER_ETHICAL_REVIEW','ASSIGNING_UREC_EVALUATOR',8,NULL,NULL,'staff','Reset evaluator assignment. Previous evaluator: 8. Reason: none','2026-05-26 04:31:48'),(109,'UREO-0003','UNDER_ETHICAL_REVIEW','ASSIGNING_UREC_EVALUATOR',8,NULL,NULL,'staff','Reset evaluator assignment. Previous evaluator: 8. Reason: none','2026-05-26 04:35:30'),(110,'UREO-0003','UNDER_ETHICAL_REVIEW','ASSIGNING_UREC_EVALUATOR',8,NULL,NULL,'staff','Reset evaluator assignment. Previous evaluator: 8. Reason: None at this moment','2026-05-26 04:35:58');
/*!40000 ALTER TABLE `status_history` ENABLE KEYS */;

--
-- Table structure for table `system_documents`
--

DROP TABLE IF EXISTS `system_documents`;
/*!40101 SET @saved_cs_client     = @@character_set_client */;
/*!50503 SET character_set_client = utf8mb4 */;
CREATE TABLE `system_documents` (
  `system_doc_id` int NOT NULL AUTO_INCREMENT,
  `queue_number` varchar(50) NOT NULL,
  `document_name` varchar(255) NOT NULL,
  `document_path` varchar(500) NOT NULL,
  `document_type` enum('template','guideline','reference') NOT NULL,
  `provided_at` timestamp NULL DEFAULT CURRENT_TIMESTAMP,
  PRIMARY KEY (`system_doc_id`),
  KEY `idx_queue_number` (`queue_number`),
  CONSTRAINT `system_documents_ibfk_1` FOREIGN KEY (`queue_number`) REFERENCES `applications` (`queue_number`) ON DELETE CASCADE
) ENGINE=InnoDB AUTO_INCREMENT=31 DEFAULT CHARSET=utf8mb4 COLLATE=utf8mb4_0900_ai_ci;
/*!40101 SET character_set_client = @saved_cs_client */;

--
-- Dumping data for table `system_documents`
--

/*!40000 ALTER TABLE `system_documents` DISABLE KEYS */;
INSERT INTO `system_documents` VALUES (19,'UREO-0001','General Guidelines','assets/to_send/for_reply_to_letter_of_intent/General Guidelines.pdf','guideline','2026-02-16 01:14:41'),(20,'UREO-0001','TAU-REO-QF-01 Application Form','assets/to_send/for_reply_to_letter_of_intent/TAU-REO-QF-01 Application for Research Ethics Review Form Rev01.docx','template','2026-02-16 01:14:41'),(21,'UREO-0001','TAU-REO-QF-02 Review Category','assets/to_send/for_reply_to_letter_of_intent/TAU-REO-QF-02 Research Ethics Review Category.docx','template','2026-02-16 01:14:41'),(22,'UREO-0002','General Guidelines','assets/to_send/for_reply_to_letter_of_intent/General Guidelines.pdf','guideline','2026-02-16 03:21:56'),(23,'UREO-0002','TAU-REO-QF-01 Application Form','assets/to_send/for_reply_to_letter_of_intent/TAU-REO-QF-01 Application for Research Ethics Review Form Rev01.docx','template','2026-02-16 03:21:56'),(24,'UREO-0002','TAU-REO-QF-02 Review Category','assets/to_send/for_reply_to_letter_of_intent/TAU-REO-QF-02 Research Ethics Review Category.docx','template','2026-02-16 03:21:56'),(25,'UREO-0003','General Guidelines','assets/to_send/for_reply_to_letter_of_intent/General Guidelines.pdf','guideline','2026-02-20 06:33:42'),(26,'UREO-0003','TAU-REO-QF-01 Application Form','assets/to_send/for_reply_to_letter_of_intent/TAU-REO-QF-01 Application for Research Ethics Review Form Rev01.docx','template','2026-02-20 06:33:42'),(27,'UREO-0003','TAU-REO-QF-02 Review Category','assets/to_send/for_reply_to_letter_of_intent/TAU-REO-QF-02 Research Ethics Review Category.docx','template','2026-02-20 06:33:42'),(28,'UREO-0004','General Guidelines','assets/to_send/for_reply_to_letter_of_intent/General Guidelines.pdf','guideline','2026-05-19 03:55:16'),(29,'UREO-0004','TAU-REO-QF-01 Application Form','assets/to_send/for_reply_to_letter_of_intent/TAU-REO-QF-01 Application for Research Ethics Review Form Rev01.docx','template','2026-05-19 03:55:16'),(30,'UREO-0004','TAU-REO-QF-02 Review Category','assets/to_send/for_reply_to_letter_of_intent/TAU-REO-QF-02 Research Ethics Review Category.docx','template','2026-05-19 03:55:16');
/*!40000 ALTER TABLE `system_documents` ENABLE KEYS */;

--
-- Table structure for table `system_messages`
--

DROP TABLE IF EXISTS `system_messages`;
/*!40101 SET @saved_cs_client     = @@character_set_client */;
/*!50503 SET character_set_client = utf8mb4 */;
CREATE TABLE `system_messages` (
  `message_id` int NOT NULL AUTO_INCREMENT,
  `queue_number` varchar(50) NOT NULL,
  `message_type` enum('acknowledgment','requirement','update','approval','rejection','certificate') NOT NULL,
  `subject` varchar(255) NOT NULL,
  `message_body` text NOT NULL,
  `created_at` timestamp NULL DEFAULT CURRENT_TIMESTAMP,
  `is_read` tinyint(1) DEFAULT '0',
  `read_at` timestamp NULL DEFAULT NULL,
  PRIMARY KEY (`message_id`),
  KEY `idx_queue_number` (`queue_number`),
  KEY `idx_message_type` (`message_type`),
  KEY `idx_created_at` (`created_at`),
  CONSTRAINT `system_messages_ibfk_1` FOREIGN KEY (`queue_number`) REFERENCES `applications` (`queue_number`) ON DELETE CASCADE
) ENGINE=InnoDB AUTO_INCREMENT=23 DEFAULT CHARSET=utf8mb4 COLLATE=utf8mb4_0900_ai_ci;
/*!40101 SET character_set_client = @saved_cs_client */;

--
-- Dumping data for table `system_messages`
--

/*!40000 ALTER TABLE `system_messages` DISABLE KEYS */;
INSERT INTO `system_messages` VALUES (13,'UREO-0001','acknowledgment','TAU-REO: Application Requirements','Greetings from TAU-REO!\r\n\r\nPlease read the general guidelines for research ethics review and evaluation. Then, kindly accomplish the following documents:\r\n\r\n✓ Application form TAU-REO-QF-01 (see attached file)\r\n✓ Research Ethics Review Category Form TAU-REO-QF-02 (see attached file)\r\n✓ CV of proponents\r\n✓ Research proposal/Thesis/Dissertation Outline\r\n\r\nSend the digital copy of the fully accomplished documents through this portal. As you upload the requirements, please ensure all forms are properly filled and signed. Thank you.\r\n\r\nPlease take note of the following:\r\n\r\n* Do not change the format and font style of the ISO registered forms\r\n* Please fill out the forms completely before uploading\r\n* Please be guided with our process cycle time (see the General Guidelines for more info). We process applications during working days only.\r\n\r\nBest regards,\r\nTAU-REO','2026-02-16 01:14:41',0,NULL),(14,'UREO-0002','acknowledgment','TAU-REO: Application Requirements','Greetings from TAU-REO!\r\n\r\nPlease read the general guidelines for research ethics review and evaluation. Then, kindly accomplish the following documents:\r\n\r\n✓ Application form TAU-REO-QF-01 (see attached file)\r\n✓ Research Ethics Review Category Form TAU-REO-QF-02 (see attached file)\r\n✓ CV of proponents\r\n✓ Research proposal/Thesis/Dissertation Outline\r\n\r\nSend the digital copy of the fully accomplished documents through this portal. As you upload the requirements, please ensure all forms are properly filled and signed. Thank you.\r\n\r\nPlease take note of the following:\r\n\r\n* Do not change the format and font style of the ISO registered forms\r\n* Please fill out the forms completely before uploading\r\n* Please be guided with our process cycle time (see the General Guidelines for more info). We process applications during working days only.\r\n\r\nBest regards,\r\nTAU-REO','2026-02-16 03:21:56',0,NULL),(15,'UREO-0003','acknowledgment','TAU-REO: Application Requirements','Greetings from TAU-REO!\r\n\r\nPlease read the general guidelines for research ethics review and evaluation. Then, kindly accomplish the following documents:\r\n\r\n✓ Application form TAU-REO-QF-01 (see attached file)\r\n✓ Research Ethics Review Category Form TAU-REO-QF-02 (see attached file)\r\n✓ CV of proponents\r\n✓ Research proposal/Thesis/Dissertation Outline\r\n\r\nSend the digital copy of the fully accomplished documents through this portal. As you upload the requirements, please ensure all forms are properly filled and signed. Thank you.\r\n\r\nPlease take note of the following:\r\n\r\n* Do not change the format and font style of the ISO registered forms\r\n* Please fill out the forms completely before uploading\r\n* Please be guided with our process cycle time (see the General Guidelines for more info). We process applications during working days only.\r\n\r\nBest regards,\r\nTAU-REO','2026-02-20 06:33:42',0,NULL),(16,'UREO-0001','requirement','Category Forms Required - UREO-0001','Application UREO-0001 requires Human category forms for Expedited review.\n\nApplicant: Allen John C. Agcang\nCategory: Human\nReview Type: Expedited','2026-03-24 08:39:49',0,NULL),(17,'UREO-0002','approval','Exempt Review Application - UREO-0002','Application UREO-0002 has been approved for Exempt Review and is ready for UREC Manager (Head) assignment.\n\nApplicant: PRINCESS T. CABENTA\nResearch Title: DETECTION OF HEARTWORM (Dirofilaria immitis) IN DOGS USING RAPID IMMUNOCHROMATOGRAPHIC ASSAY (CHW Ag) AT BARANGAY SAPANG MARAGUL, TARLAC CITY\n\nNote: This application does not require a research checklist and should be assigned directly to a UREC member or handled by the Manager.','2026-03-26 00:18:26',0,NULL),(18,'UREO-0001','requirement','Category Forms Required - UREO-0001','Application UREO-0001 requires Human category forms for Expedited review.\n\nAttached to your email is the annotated QF-02 with remarks and the guidelines for your classification.\nCategory: Human\nReview Type: Expedited','2026-03-26 05:33:42',0,NULL),(19,'UREO-0001','requirement','Category Forms Required - UREO-0001','Application UREO-0001 requires Human category forms for Expedited review.\n\nAttached to your email is the annotated QF-02 with remarks and the guidelines for your classification.\nCategory: Human\nReview Type: Expedited','2026-04-07 07:52:45',0,NULL),(20,'UREO-0001','update','Staff Feedback on QF02','Staff has provided new feedback on your QF02 form at 2026-04-21 08:29:38. Please review the remarks in your portal and address any concerns.','2026-04-21 00:29:39',0,NULL),(21,'UREO-0004','acknowledgment','TAU-REO: Application Requirements','Greetings from TAU-REO!\r\n\r\nPlease read the general guidelines for research ethics review and evaluation. Then, kindly accomplish the following documents:\r\n\r\n✓ Application form TAU-REO-QF-01 (see attached file)\r\n✓ Research Ethics Review Category Form TAU-REO-QF-02 (see attached file)\r\n✓ CV of proponents\r\n✓ Research proposal/Thesis/Dissertation Outline\r\n\r\nSend the digital copy of the fully accomplished documents through this portal. As you upload the requirements, please ensure all forms are properly filled and signed. Thank you.\r\n\r\nPlease take note of the following:\r\n\r\n* Do not change the format and font style of the ISO registered forms\r\n* Please fill out the forms completely before uploading\r\n* Please be guided with our process cycle time (see the General Guidelines for more info). We process applications during working days only.\r\n\r\nBest regards,\r\nTAU-REO','2026-05-19 03:55:16',0,NULL),(22,'UREO-0003','approval','Exempt Review Application - UREO-0003','Application UREO-0003 has been approved for Exempt Review and is ready for UREC Manager (Head) assignment.\n\nApplicant: Desiree Joi D. Duque\nResearch Title: Adaptive Capacity Of Different Varieties and Establishment Methods As Means Of Tecnological Adaptation To Rainfed Rice Production In Camiling, Tarlac\n\nNote: This application does not require a research checklist and should be assigned directly to a UREC member or handled by the Manager.','2026-05-26 03:27:33',0,NULL);
/*!40000 ALTER TABLE `system_messages` ENABLE KEYS */;

--
-- Table structure for table `system_settings`
--

DROP TABLE IF EXISTS `system_settings`;
/*!40101 SET @saved_cs_client     = @@character_set_client */;
/*!50503 SET character_set_client = utf8mb4 */;
CREATE TABLE `system_settings` (
  `setting_id` int NOT NULL AUTO_INCREMENT,
  `setting_key` varchar(100) NOT NULL,
  `setting_value` text,
  `description` text,
  `last_updated` timestamp NULL DEFAULT CURRENT_TIMESTAMP ON UPDATE CURRENT_TIMESTAMP,
  PRIMARY KEY (`setting_id`),
  UNIQUE KEY `setting_key` (`setting_key`)
) ENGINE=InnoDB AUTO_INCREMENT=31 DEFAULT CHARSET=utf8mb4 COLLATE=utf8mb4_0900_ai_ci;
/*!40101 SET character_set_client = @saved_cs_client */;

--
-- Dumping data for table `system_settings`
--

/*!40000 ALTER TABLE `system_settings` DISABLE KEYS */;
INSERT INTO `system_settings` VALUES (1,'queue_counter','4','Current queue number counter','2026-05-19 03:55:16'),(2,'smtp_host','smtp.gmail.com','SMTP server host','2026-02-16 01:09:51'),(3,'smtp_port','587','SMTP server port','2026-02-16 01:09:51'),(4,'system_email','ureo@tau.edu.ph','System sender email address','2026-02-02 03:01:51'),(5,'otp_expiry_minutes','10','OTP expiration time in minutes','2026-02-02 03:01:51'),(6,'max_file_size_mb','10','Maximum file upload size in MB','2026-02-02 03:01:51'),(7,'session_timeout_minutes','30','Session timeout duration','2026-02-02 03:01:51'),(9,'queue_format','UREO-{YYYY}{NNNN}',NULL,'2026-02-16 01:07:58'),(14,'smtp_username','djdtabuan@gmail.com',NULL,'2026-02-16 01:09:51'),(15,'smtp_password','nhhh clng hxiw grca',NULL,'2026-02-16 01:09:51'),(16,'smtp_from_email','tau_ureo@tau.edu.ph',NULL,'2026-02-16 01:09:51'),(17,'smtp_from_name','TAU-UREO Portal',NULL,'2026-02-16 01:09:51'),(18,'max_file_size','25',NULL,'2026-02-18 01:01:40'),(19,'allowed_file_types','pdf,doc,docx,jpg,jpeg,png',NULL,'2026-02-18 01:01:40'),(20,'otp_expiration','10',NULL,'2026-02-18 01:01:40'),(21,'session_timeout','30',NULL,'2026-02-18 01:01:40'),(22,'allow_public_tracking','1',NULL,'2026-02-18 01:01:40'),(28,'enable_auto_assignment','1',NULL,'2026-02-18 01:01:40'),(29,'maintenance_mode','1',NULL,'2026-02-18 01:01:49'),(30,'maintenance_message','The portal is currently undergoing maintenance. Please try again later.',NULL,'2026-02-18 01:01:49');
/*!40000 ALTER TABLE `system_settings` ENABLE KEYS */;

--
-- Table structure for table `urec_activity_log`
--

DROP TABLE IF EXISTS `urec_activity_log`;
/*!40101 SET @saved_cs_client     = @@character_set_client */;
/*!50503 SET character_set_client = utf8mb4 */;
CREATE TABLE `urec_activity_log` (
  `log_id` int NOT NULL AUTO_INCREMENT,
  `user_id` int NOT NULL,
  `queue_number` varchar(20) DEFAULT NULL,
  `activity_type` varchar(50) NOT NULL,
  `activity_description` text,
  `committee_id` int DEFAULT NULL,
  `created_at` timestamp NULL DEFAULT CURRENT_TIMESTAMP,
  PRIMARY KEY (`log_id`),
  KEY `idx_user_activity` (`user_id`),
  KEY `idx_queue_activity` (`queue_number`),
  KEY `idx_committee_activity` (`committee_id`),
  KEY `idx_activity_type` (`activity_type`),
  KEY `idx_created_at` (`created_at`),
  CONSTRAINT `urec_activity_log_ibfk_1` FOREIGN KEY (`user_id`) REFERENCES `users` (`user_id`) ON DELETE CASCADE,
  CONSTRAINT `urec_activity_log_ibfk_2` FOREIGN KEY (`committee_id`) REFERENCES `urec_committees` (`committee_id`) ON DELETE SET NULL,
  CONSTRAINT `urec_activity_log_ibfk_3` FOREIGN KEY (`queue_number`) REFERENCES `applications` (`queue_number`) ON DELETE SET NULL
) ENGINE=InnoDB AUTO_INCREMENT=4 DEFAULT CHARSET=utf8mb4 COLLATE=utf8mb4_0900_ai_ci;
/*!40101 SET character_set_client = @saved_cs_client */;

--
-- Dumping data for table `urec_activity_log`
--

/*!40000 ALTER TABLE `urec_activity_log` DISABLE KEYS */;
INSERT INTO `urec_activity_log` VALUES (1,1,NULL,'test_login','Test login activity',1,'2026-03-03 03:38:51'),(2,4,NULL,'login','Logged in to UREC portal',1,'2026-03-03 04:53:54'),(3,4,NULL,'login','Logged in to UREC portal',1,'2026-03-03 05:26:44');
/*!40000 ALTER TABLE `urec_activity_log` ENABLE KEYS */;

--
-- Table structure for table `urec_assignments`
--

DROP TABLE IF EXISTS `urec_assignments`;
/*!40101 SET @saved_cs_client     = @@character_set_client */;
/*!50503 SET character_set_client = utf8mb4 */;
CREATE TABLE `urec_assignments` (
  `assignment_id` int NOT NULL AUTO_INCREMENT,
  `queue_number` varchar(20) NOT NULL,
  `user_id` int NOT NULL,
  `is_primary` tinyint(1) DEFAULT '0',
  `committee_id` int NOT NULL,
  `application_id` int DEFAULT NULL,
  `assigned_at` timestamp NULL DEFAULT CURRENT_TIMESTAMP,
  `assigned_by` int DEFAULT NULL,
  `is_active` tinyint(1) DEFAULT '1',
  `status` enum('active','completed','withdrawn') DEFAULT 'active',
  `notes` text,
  PRIMARY KEY (`assignment_id`),
  UNIQUE KEY `uc_primary_evaluator_per_app` (`queue_number`,`is_primary`,`status`),
  KEY `user_id` (`user_id`),
  KEY `committee_id` (`committee_id`),
  KEY `idx_urec_assignments_queue` (`queue_number`),
  KEY `idx_urec_assignments_status` (`status`),
  CONSTRAINT `fk_urec_assignments_applications` FOREIGN KEY (`queue_number`) REFERENCES `applications` (`queue_number`) ON DELETE CASCADE,
  CONSTRAINT `urec_assignments_ibfk_1` FOREIGN KEY (`user_id`) REFERENCES `users` (`user_id`) ON DELETE CASCADE,
  CONSTRAINT `urec_assignments_ibfk_2` FOREIGN KEY (`committee_id`) REFERENCES `urec_committees` (`committee_id`) ON DELETE CASCADE
) ENGINE=InnoDB DEFAULT CHARSET=utf8mb4 COLLATE=utf8mb4_0900_ai_ci;
/*!40101 SET character_set_client = @saved_cs_client */;

--
-- Dumping data for table `urec_assignments`
--

/*!40000 ALTER TABLE `urec_assignments` DISABLE KEYS */;
/*!40000 ALTER TABLE `urec_assignments` ENABLE KEYS */;

--
-- Table structure for table `urec_committees`
--

DROP TABLE IF EXISTS `urec_committees`;
/*!40101 SET @saved_cs_client     = @@character_set_client */;
/*!50503 SET character_set_client = utf8mb4 */;
CREATE TABLE `urec_committees` (
  `committee_id` int NOT NULL AUTO_INCREMENT,
  `committee_name` varchar(100) NOT NULL,
  `committee_code` varchar(20) NOT NULL,
  `description` text,
  `is_active` tinyint(1) DEFAULT '1',
  `created_at` timestamp NULL DEFAULT CURRENT_TIMESTAMP,
  `updated_at` timestamp NULL DEFAULT CURRENT_TIMESTAMP ON UPDATE CURRENT_TIMESTAMP,
  PRIMARY KEY (`committee_id`),
  UNIQUE KEY `committee_name` (`committee_name`),
  UNIQUE KEY `committee_code` (`committee_code`),
  KEY `idx_committee_code` (`committee_code`),
  KEY `idx_active` (`is_active`)
) ENGINE=InnoDB AUTO_INCREMENT=8 DEFAULT CHARSET=utf8mb4 COLLATE=utf8mb4_0900_ai_ci;
/*!40101 SET character_set_client = @saved_cs_client */;

--
-- Dumping data for table `urec_committees`
--

/*!40000 ALTER TABLE `urec_committees` DISABLE KEYS */;
INSERT INTO `urec_committees` VALUES (1,'Committee for Human Use','HUMAN_USE','Reviews research involving human participants and human subjects',1,'2026-03-03 03:31:10','2026-03-03 03:31:10'),(2,'Committee for Animal Welfare','ANIMAL_WELFARE','Reviews research involving animal subjects and animal welfare',1,'2026-03-03 03:31:10','2026-03-03 03:31:10'),(3,'Committee for Plant Use','PLANT_USE','Reviews research involving plant studies and botanical research',1,'2026-03-03 03:31:10','2026-03-03 03:31:10'),(4,'Committee for Microbiological/Biotechnological Use','MICRO_BIO','Reviews research involving microbiology and biotechnology',1,'2026-03-03 03:31:10','2026-03-03 03:31:10'),(5,'Committee for Engineering','ENGINEERING','Reviews engineering research projects and technical studies',1,'2026-03-03 03:31:10','2026-03-03 03:31:10'),(6,'Committee for Information Technology Use','IT_USE','Reviews IT and software research projects',1,'2026-03-03 03:31:10','2026-03-03 03:31:10'),(7,'Committee for Food Technology Use','FOOD_TECH','Reviews food technology research and food science studies',1,'2026-03-03 03:31:10','2026-03-03 03:31:10');
/*!40000 ALTER TABLE `urec_committees` ENABLE KEYS */;

--
-- Table structure for table `urec_notification_preferences`
--

DROP TABLE IF EXISTS `urec_notification_preferences`;
/*!40101 SET @saved_cs_client     = @@character_set_client */;
/*!50503 SET character_set_client = utf8mb4 */;
CREATE TABLE `urec_notification_preferences` (
  `preference_id` int NOT NULL AUTO_INCREMENT,
  `user_id` int NOT NULL,
  `committee_id` int NOT NULL,
  `notification_type` varchar(50) NOT NULL,
  `is_enabled` tinyint(1) DEFAULT '1',
  `created_at` timestamp NULL DEFAULT CURRENT_TIMESTAMP,
  `updated_at` timestamp NULL DEFAULT CURRENT_TIMESTAMP ON UPDATE CURRENT_TIMESTAMP,
  PRIMARY KEY (`preference_id`),
  UNIQUE KEY `unique_user_committee_notification` (`user_id`,`committee_id`,`notification_type`),
  KEY `idx_user_preferences` (`user_id`),
  KEY `idx_committee_preferences` (`committee_id`),
  CONSTRAINT `urec_notification_preferences_ibfk_1` FOREIGN KEY (`user_id`) REFERENCES `users` (`user_id`) ON DELETE CASCADE,
  CONSTRAINT `urec_notification_preferences_ibfk_2` FOREIGN KEY (`committee_id`) REFERENCES `urec_committees` (`committee_id`) ON DELETE CASCADE
) ENGINE=InnoDB AUTO_INCREMENT=4 DEFAULT CHARSET=utf8mb4 COLLATE=utf8mb4_0900_ai_ci;
/*!40101 SET character_set_client = @saved_cs_client */;

--
-- Dumping data for table `urec_notification_preferences`
--

/*!40000 ALTER TABLE `urec_notification_preferences` DISABLE KEYS */;
INSERT INTO `urec_notification_preferences` VALUES (1,4,1,'application_forwarded',1,'2026-03-03 03:33:45','2026-03-03 03:33:45'),(2,4,1,'review_assignment',1,'2026-03-03 03:33:48','2026-03-03 03:33:48'),(3,4,1,'decision_required',1,'2026-03-03 03:33:49','2026-03-03 03:33:49');
/*!40000 ALTER TABLE `urec_notification_preferences` ENABLE KEYS */;

--
-- Table structure for table `users`
--

DROP TABLE IF EXISTS `users`;
/*!40101 SET @saved_cs_client     = @@character_set_client */;
/*!50503 SET character_set_client = utf8mb4 */;
CREATE TABLE `users` (
  `user_id` int NOT NULL AUTO_INCREMENT,
  `username` varchar(50) NOT NULL,
  `password_hash` varchar(255) NOT NULL,
  `user_role` enum('admin','staff','urec') DEFAULT 'staff',
  `committee_designation` varchar(50) DEFAULT NULL,
  `committee_id` int DEFAULT NULL,
  `role` enum('staff','admin') NOT NULL,
  `designation` varchar(100) DEFAULT NULL,
  `email` varchar(100) NOT NULL,
  `full_name` varchar(100) NOT NULL,
  `active_status` tinyint(1) DEFAULT '1',
  `is_active` tinyint(1) DEFAULT '1',
  `created_at` timestamp NULL DEFAULT CURRENT_TIMESTAMP,
  `last_login` timestamp NULL DEFAULT NULL,
  PRIMARY KEY (`user_id`),
  UNIQUE KEY `username` (`username`),
  KEY `idx_username` (`username`),
  KEY `idx_role` (`role`)
) ENGINE=InnoDB AUTO_INCREMENT=10 DEFAULT CHARSET=utf8mb4 COLLATE=utf8mb4_0900_ai_ci;
/*!40101 SET character_set_client = @saved_cs_client */;

--
-- Dumping data for table `users`
--

/*!40000 ALTER TABLE `users` DISABLE KEYS */;
INSERT INTO `users` VALUES (1,'admin','$2y$10$ArVR.UgOqun6Q0dU72GdLuJrrtNTouQxAmzLNTusn/ZQU1wtL9FW2','admin',NULL,NULL,'admin',NULL,'admin@tau.edu.ph','System Administrator',1,1,'2026-02-02 03:01:51','2026-06-10 14:09:57'),(2,'staff','$2y$10$ArVR.UgOqun6Q0dU72GdLuJrrtNTouQxAmzLNTusn/ZQU1wtL9FW2','staff',NULL,NULL,'staff',NULL,'staff@tau.edu.ph','TAU Ureo Staff',1,1,'2026-02-02 06:58:41','2026-06-10 14:27:22'),(3,'staff2','$2y$10$1m7UNb1QOkwM1duN5vaR9.XDRXry99aT2/jlcA1hC3X.VshvpjUEW','staff',NULL,NULL,'staff',NULL,'staff2@tau.edu.ph','TAU UREO Staff 2',1,1,'2026-02-09 06:33:21',NULL),(4,'urec_admin','$2y$10$ArVR.UgOqun6Q0dU72GdLuJrrtNTouQxAmzLNTusn/ZQU1wtL9FW2','urec','HUMAN_USE',NULL,'staff',NULL,'urec@tau.edu.ph','UREC Administrator',1,1,'2026-03-03 03:32:45','2026-03-03 07:03:25'),(5,'urec_human_chair','$2y$10$ArVR.UgOqun6Q0dU72GdLuJrrtNTouQxAmzLNTusn/ZQU1wtL9FW2','urec','Human Use Chairperson',1,'staff',NULL,'human.chair@tau.edu.ph','Human Use Chairperson',1,1,'2026-04-08 05:11:07','2026-06-11 08:34:29'),(6,'urec_animal_use','$2y$10$ArVR.UgOqun6Q0dU72GdLuJrrtNTouQxAmzLNTusn/ZQU1wtL9FW2','staff',NULL,NULL,'staff',NULL,'animal.chair@tau.edu.ph','Animal Use Chairperson',1,1,'2026-05-19 03:41:44',NULL),(7,'animal_use_chair','$2y$10$ArVR.UgOqun6Q0dU72GdLuJrrtNTouQxAmzLNTusn/ZQU1wtL9FW2','urec','Animal Use Chairperson',2,'staff',NULL,'animaluse.chair@tau.edu.ph','Animal Use Committee Chairperson',1,1,'2026-05-19 03:51:34','2026-05-19 03:52:54'),(8,'plant_use_chair','$2y$10$ArVR.UgOqun6Q0dU72GdLuJrrtNTouQxAmzLNTusn/ZQU1wtL9FW2','urec','Plant Use Chairperson',3,'staff',NULL,'plantuse.chair@tau.edu.ph','Plant Use Committee Chairperson',1,1,'2026-05-26 03:32:03','2026-06-11 08:31:56'),(9,'plant_evaluator01','$2y$10$ArVR.UgOqun6Q0dU72GdLuJrrtNTouQxAmzLNTusn/ZQU1wtL9FW2','urec','Plant Use Evaluator',3,'staff',NULL,'plant.evaluator01@tau.edu.ph','Plant Use Committee Evaluator',1,1,'2026-05-26 03:55:37','2026-06-11 08:35:45');
/*!40000 ALTER TABLE `users` ENABLE KEYS */;

--
-- Dumping routines for database 'ureo_portal'
--
/*!40103 SET TIME_ZONE=@OLD_TIME_ZONE */;

/*!40101 SET SQL_MODE=@OLD_SQL_MODE */;
/*!40014 SET FOREIGN_KEY_CHECKS=@OLD_FOREIGN_KEY_CHECKS */;
/*!40014 SET UNIQUE_CHECKS=@OLD_UNIQUE_CHECKS */;
/*!40101 SET CHARACTER_SET_CLIENT=@OLD_CHARACTER_SET_CLIENT */;
/*!40101 SET CHARACTER_SET_RESULTS=@OLD_CHARACTER_SET_RESULTS */;
/*!40101 SET COLLATION_CONNECTION=@OLD_COLLATION_CONNECTION */;
/*!40111 SET SQL_NOTES=@OLD_SQL_NOTES */;

-- Dump completed on 2026-06-12 13:13:14
